% Author, Ryan Smith
% Context, Electrostatics (1 volt electrode on bottom center--top related grounded--sides zero charge)
% Context, Laminar Flow (developed fluid flow, pressure driven, inlet left, outlet right)
% Geometry, 100um height x 300um width
% Model,ChannelWithEs_Real.mph
% Version,COMSOL 4.3.0.233
% Date,"Sep 4 2013, 00:40"
% Dimension,2
% Nodes,750
% Expressions,4
% Description,"Velocity field, x component, Velocity field, y component, DEP field, x component, DEP field, y component"
% Length unit,m
% x,y,u (m/s),v (m/s),d(es.normE^2,x) (m*kg^2/(s^6*A^2)),d(es.normE^2,y) (m*kg^2/(s^6*A^2))
3.000000000000001E-6,3.3333333333333337E-6,6.147306064025316E-7,1.337105500281308E-7,1.1025322737366531E10,1.2168343969603418E10
9.000000000000002E-6,3.3333333333333337E-6,4.6171373055641266E-7,5.975667797078961E-9,3.3690543090072353E10,1.207119417378259E10
1.5000000000000005E-5,3.3333333333333337E-6,4.633181054643895E-7,-6.757058622307198E-9,5.7123098746236E10,1.238965022270257E10
2.100000000000001E-5,3.3333333333333337E-6,4.826170757347968E-7,-6.800158464321774E-9,8.396251298649495E10,1.1762620997650364E10
2.7000000000000006E-5,3.3333333333333337E-6,5.031409944255101E-7,-5.918064323217729E-9,1.1503955041234799E11,1.1168681968955208E10
3.300000000000001E-5,3.3333333333333337E-6,5.195196330470131E-7,-4.340487764779969E-9,1.5070168397102057E11,1.3055619387255146E10
3.900000000000001E-5,3.3333333333333337E-6,5.317588353798102E-7,-2.9310390839957264E-9,1.913787598921142E11,9.962281095621317E9
4.500000000000001E-5,3.3333333333333337E-6,5.399463000707724E-7,-2.13431329486668E-9,2.464860230172858E11,1.357549316640078E10
5.100000000000002E-5,3.3333333333333337E-6,5.460468862905977E-7,-1.618796209082776E-9,3.2331716148686304E11,1.4029208913864244E10
5.700000000000002E-5,3.3333333333333337E-6,5.500337878043779E-7,-8.093042060949342E-10,3.9666229610631757E11,1.3323494612458717E10
6.300000000000001E-5,3.3333333333333337E-6,5.525488121102083E-7,-5.241226837877773E-10,5.249375903063385E11,1.2484912676596176E10
6.900000000000002E-5,3.3333333333333337E-6,5.542784701032435E-7,-2.761398210953434E-10,6.982520619906387E11,1.3544686691822649E10
7.500000000000002E-5,3.3333333333333337E-6,5.5537605579414E-7,-1.485899973003313E-10,9.430216999177002E11,9.621947711084206E9
8.100000000000003E-5,3.3333333333333337E-6,5.547097733262444E-7,-4.07864081552293E-11,1.201680783670607E12,3.561136186655182E9
8.700000000000001E-5,3.3333333333333337E-6,5.560183467871581E-7,-2.3355446439316673E-10,1.790997098818044E12,-1.2187066180111566E11
9.300000000000002E-5,3.3333333333333337E-6,5.564332834914653E-7,-3.360915215847596E-11,2.7360584833261577E12,-5.718851268535317E10
9.900000000000003E-5,3.3333333333333337E-6,5.560246982455952E-7,-1.9503041455159548E-10,3.836573894198908E12,-1.3252308664799939E11
1.0500000000000002E-4,3.3333333333333337E-6,5.5607664546626E-7,2.60113263595714E-10,7.123614224346509E12,-1.095913571993303E12
1.1100000000000003E-4,3.3333333333333337E-6,5.556569919558483E-7,5.6637678563403354E-11,1.4472964047131504E13,-1.5295801491045435E12
1.1700000000000004E-4,3.3333333333333337E-6,5.55608856238341E-7,-2.0593269958971052E-10,4.837423933511293E13,-1.517954880847181E13
1.2300000000000004E-4,3.3333333333333337E-6,5.55837149078912E-7,-5.03214167265679E-11,1.2303048220812819E14,-1.2971278470625831E14
1.2900000000000005E-4,3.3333333333333337E-6,5.552981938276635E-7,1.6574841376606717E-10,-6.220771303673562E13,-1.0286346440244144E14
1.3500000000000003E-4,3.3333333333333337E-6,5.560625930490229E-7,2.3177934313975776E-11,-2.330017131584366E13,-1.9464637203005742E13
1.4100000000000004E-4,3.3333333333333337E-6,5.560982378051014E-7,-1.1552648620037371E-10,-7.38954682755452E12,-5.67690773433281E12
1.4700000000000005E-4,3.3333333333333337E-6,5.562545197824716E-7,2.5965064773484085E-11,-1.2924920492291658E12,-1.354097130640514E12
1.5300000000000003E-4,3.3333333333333337E-6,5.558618993386224E-7,1.688767452262448E-10,1.3862231922964565E12,-3.788726943146203E12
1.5900000000000004E-4,3.3333333333333337E-6,5.550914253568807E-7,1.1434696915276196E-10,7.328704476741573E12,-5.732239899266735E12
1.6500000000000005E-4,3.3333333333333337E-6,5.556101657434436E-7,-3.4804166926053865E-10,2.029936146253169E13,-1.3490928346849234E13
1.7100000000000004E-4,3.3333333333333337E-6,5.565211933930594E-7,-1.583270277498405E-10,6.120390526429029E13,-7.85046194690014E13
1.7700000000000005E-4,3.3333333333333337E-6,5.56471209850432E-7,1.9200804905887029E-10,-1.1777795625786427E14,-1.3800065752420077E14
1.8300000000000006E-4,3.3333333333333337E-6,5.563930754895442E-7,9.059253164521214E-11,-5.159981990432121E13,-3.352112469963583E13
1.8900000000000004E-4,3.3333333333333337E-6,5.56482511506033E-7,-8.188414389613485E-11,-1.588331930148508E13,-1.7203021932197656E12
1.9500000000000005E-4,3.3333333333333337E-6,5.567248436528355E-7,3.5410125678361836E-11,-7.1282920469490205E12,-4.031666097111996E11
2.0100000000000006E-4,3.3333333333333337E-6,5.561159355841678E-7,1.7875270529885395E-10,-3.911415360111197E12,-1.2325515201271307E11
2.0700000000000004E-4,3.3333333333333337E-6,5.561358951561235E-7,-1.1314224872652996E-10,-2.784786463477828E12,-7.411409168614273E10
2.1300000000000005E-4,3.3333333333333337E-6,5.557089383272248E-7,7.592298090744232E-11,-1.7975315613859563E12,-2.4534815481635468E10
2.1900000000000006E-4,3.3333333333333337E-6,5.550363805173233E-7,7.496102912796321E-11,-1.2048639608660547E12,4.530517598101807E7
2.2500000000000005E-4,3.3333333333333337E-6,5.555589009943278E-7,2.7612790186310047E-10,-9.479706478012388E11,8.7112753446596E9
2.3100000000000006E-4,3.3333333333333337E-6,5.545022198206355E-7,3.4617441610630845E-10,-6.930324360347054E11,1.2397425128373705E10
2.3700000000000007E-4,3.3333333333333337E-6,5.529247420032327E-7,6.135511580208114E-10,-5.1748879402542975E11,1.4180564410224968E10
2.4300000000000008E-4,3.3333333333333337E-6,5.501044071564983E-7,8.466303188974063E-10,-4.103365954926209E11,1.3700326180484217E10
2.4900000000000004E-4,3.3333333333333337E-6,5.466883605760423E-7,1.1726346676740323E-9,-3.2245443746096454E11,4.885456633911621E9
2.5500000000000007E-4,3.3333333333333337E-6,5.405715309625107E-7,2.269963388318708E-9,-2.4926606919926538E11,8.699342188246454E9
2.6100000000000006E-4,3.3333333333333337E-6,5.312368971494645E-7,3.2318038008814295E-9,-1.933544985668431E11,1.3362948329346766E10
2.670000000000001E-4,3.3333333333333337E-6,5.194254336731161E-7,4.04003918742575E-9,-1.5070565445304944E11,1.3034275211703209E10
2.730000000000001E-4,3.3333333333333337E-6,5.036324085201522E-7,5.6078659146130305E-9,-1.1542230697967416E11,1.1267501891656174E10
2.790000000000001E-4,3.3333333333333337E-6,4.837786460075287E-7,7.047174219551141E-9,-8.38147943340112E10,1.2578690666495684E10
2.8500000000000004E-4,3.3333333333333337E-6,4.640662372321362E-7,5.960597602364927E-9,-5.735253234069353E10,1.1886465485569687E10
2.910000000000001E-4,3.3333333333333337E-6,4.618973601756413E-7,-4.458050253841819E-9,-3.364561735141585E10,1.209975139470654E10
2.9700000000000006E-4,3.3333333333333337E-6,6.124025629356957E-7,-1.2865651758545478E-7,-1.1026169248032377E10,1.2170707861445452E10
3.000000000000001E-6,1.0000000000000003E-5,1.614247796265278E-6,4.0873486901732374E-7,1.0948176218044323E10,3.5921360045811226E10
9.000000000000002E-6,1.0000000000000003E-5,1.4807720362711307E-6,9.43117947320044E-8,3.3628349857270718E10,3.603718478839009E10
1.5000000000000005E-5,1.0000000000000003E-5,1.4263103607352304E-6,-4.873494334651883E-9,5.7188084600816696E10,3.540035968920661E10
2.100000000000001E-5,1.0000000000000003E-5,1.429161230277252E-6,-3.012421492273116E-8,8.362856518355583E10,3.5552746863114685E10
2.7000000000000006E-5,1.0000000000000003E-5,1.4500554885437011E-6,-3.330632594201898E-8,1.1545877461110736E11,3.488881448402575E10
3.300000000000001E-5,1.0000000000000003E-5,1.47733954714523E-6,-2.7591898813645635E-8,1.5093987364903708E11,3.2400455225708282E10
3.900000000000001E-5,1.0000000000000003E-5,1.498541336481054E-6,-2.086697869239488E-8,1.8716792972456378E11,3.0655962099118843E10
4.500000000000001E-5,1.0000000000000003E-5,1.5160035248038843E-6,-1.5191000046513928E-8,2.4682938241362378E11,3.1448963902379395E10
5.100000000000002E-5,1.0000000000000003E-5,1.5269077036663441E-6,-1.1099428188378615E-8,3.190834615685255E11,2.687674636186693E10
5.700000000000002E-5,1.0000000000000003E-5,1.5339681167670555E-6,-7.0790364289335404E-9,4.1622033066341583E11,2.067781652352055E10
6.300000000000001E-5,1.0000000000000003E-5,1.5407942894678515E-6,-3.0929154778531183E-9,5.080457050012515E11,1.562887605325781E10
6.900000000000002E-5,1.0000000000000003E-5,1.543591814976001E-6,-2.5648149959050017E-9,6.726663526151393E11,-2.821870856761872E9
7.500000000000002E-5,1.0000000000000003E-5,1.5488430778636515E-6,-1.6583220888068866E-9,9.052511349179595E11,-4.185773320129651E10
8.100000000000003E-5,1.0000000000000003E-5,1.5490701532677797E-6,-8.164031632792967E-10,1.092962074344307E12,-1.3321313866012201E11
8.700000000000001E-5,1.0000000000000003E-5,1.5506900025367779E-6,-3.8681144335749047E-10,1.6607198273732231E12,-1.788712766898866E11
9.300000000000002E-5,1.0000000000000003E-5,1.5465450578580503E-6,-8.76344233179596E-10,2.5281059103184526E12,-3.8099617901773987E11
9.900000000000003E-5,1.0000000000000003E-5,1.546017043440255E-6,-3.971366031124594E-11,3.2995742741225713E12,-9.824649848119711E11
1.0500000000000002E-4,1.0000000000000003E-5,1.5470791326306784E-6,8.272566259400986E-10,5.79786780832152E12,-1.6594248113022866E12
1.1100000000000003E-4,1.0000000000000003E-5,1.5487562681661816E-6,-4.416335249473236E-10,1.0296896005569012E13,-5.344878403491548E12
1.1700000000000004E-4,1.0000000000000003E-5,1.5523514484879912E-6,-6.055646296589999E-11,1.604828343118456E13,-1.9555756550953637E13
1.2300000000000004E-4,1.0000000000000003E-5,1.5473982818745302E-6,5.311391145584175E-10,1.0542480928117316E13,-2.6111160767671168E13
1.2900000000000005E-4,1.0000000000000003E-5,1.5476492383055562E-6,-1.690728162482143E-10,-7.292361210872697E12,-2.8791928028175543E13
1.3500000000000003E-4,1.0000000000000003E-5,1.548892475958055E-6,-2.2067497605278865E-10,-7.9314514090059795E12,-1.285971218858294E13
1.4100000000000004E-4,1.0000000000000003E-5,1.5481275303283428E-6,6.50510333196846E-10,-2.981029068538332E12,-9.710976649786902E12
1.4700000000000005E-4,1.0000000000000003E-5,1.5456820477213441E-6,-1.996153069838944E-10,-9.265680842959996E11,-6.488687673428573E12
1.5300000000000003E-4,1.0000000000000003E-5,1.5478719899883176E-6,2.6953005267222425E-10,1.3858865726353955E12,-6.307873707973201E12
1.5900000000000004E-4,1.0000000000000003E-5,1.5471656858298019E-6,3.292807594302688E-10,3.0849148985698257E12,-9.29646052183931E12
1.6500000000000005E-4,1.0000000000000003E-5,1.5490208683195955E-6,-1.328460374654323E-9,4.3221855627220513E12,-1.6642376252671508E13
1.7100000000000004E-4,1.0000000000000003E-5,1.549035286150389E-6,-8.448247442135847E-10,7.790363718603239E12,-2.594193936784544E13
1.7700000000000005E-4,1.0000000000000003E-5,1.549648637178098E-6,4.370311917348448E-10,-1.5479248200762107E13,-3.3919213943908863E13
1.8300000000000006E-4,1.0000000000000003E-5,1.5489307990555757E-6,5.107917463531002E-10,-1.6462095420875057E13,-1.2885333043877242E13
1.8900000000000004E-4,1.0000000000000003E-5,1.5499120424409465E-6,-5.724056234406685E-10,-1.003206567106852E13,-5.087945684844961E12
1.9500000000000005E-4,1.0000000000000003E-5,1.5510323947031547E-6,6.741144513193538E-10,-5.804295489005555E12,-1.7736829770188462E12
2.0100000000000006E-4,1.0000000000000003E-5,1.552249025393304E-6,3.9943935420154653E-10,-3.5820008161185405E12,-7.35184913575585E11
2.0700000000000004E-4,1.0000000000000003E-5,1.550747227870413E-6,-2.644275075385609E-10,-2.118123343140683E12,-4.776992609622447E11
2.1300000000000005E-4,1.0000000000000003E-5,1.5512798933487598E-6,2.1871351696813446E-10,-1.7182798699761252E12,-2.104755740072593E11
2.1900000000000006E-4,1.0000000000000003E-5,1.548872064760317E-6,1.1787184859421726E-9,-1.1902103465791355E12,-7.881388413900409E10
2.2500000000000005E-4,1.0000000000000003E-5,1.545882740023661E-6,1.6765943377557661E-9,-8.637991261536757E11,-2.0769341179372585E10
2.3100000000000006E-4,1.0000000000000003E-5,1.543780557095767E-6,2.9292586659880553E-9,-6.980718062835605E11,-8.631958840814362E9
2.3700000000000007E-4,1.0000000000000003E-5,1.5440231019640713E-6,4.663580153745954E-9,-5.1927222346292816E11,7.731041638557008E9
2.4300000000000008E-4,1.0000000000000003E-5,1.5345175549227374E-6,7.025673902152975E-9,-4.050778748850209E11,1.0690481758630722E10
2.4900000000000004E-4,1.0000000000000003E-5,1.5261165825116633E-6,9.626811110247446E-9,-3.116817832779938E11,2.315844049670673E10
2.5500000000000007E-4,1.0000000000000003E-5,1.512323679027277E-6,1.6005827752086284E-8,-2.509772008401144E11,3.194093698366468E10
2.6100000000000006E-4,1.0000000000000003E-5,1.4989042767654277E-6,2.0541302002887604E-8,-1.9410645890388986E11,3.2636880822798298E10
2.670000000000001E-4,1.0000000000000003E-5,1.479889771818525E-6,2.7171815296866867E-8,-1.483985428870901E11,3.4172924599353878E10
2.730000000000001E-4,1.0000000000000003E-5,1.4509365675807715E-6,3.2342318119990775E-8,-1.1345828954474156E11,3.417204442483978E10
2.790000000000001E-4,1.0000000000000003E-5,1.4297972185616058E-6,3.0029652616224244E-8,-8.401847817539485E10,3.589947943723753E10
2.8500000000000004E-4,1.0000000000000003E-5,1.4252765751664479E-6,6.872477771050609E-9,-5.759077017656263E10,3.5372873804413376E10
2.910000000000001E-4,1.0000000000000003E-5,1.4750054240633035E-6,-9.192538969777214E-8,-3.370971286433717E10,3.588156064791528E10
2.9700000000000006E-4,1.0000000000000003E-5,1.615203715614432E-6,-4.195774998138252E-7,-1.0977394322336245E10,3.6020369226055374E10
3.000000000000001E-6,1.6666666666666667E-5,2.425893105200245E-6,5.482352661158572E-7,1.0976397846494173E10,5.814579230605002E10
9.000000000000002E-6,1.6666666666666667E-5,2.3625502009632842E-6,1.754674119576954E-7,3.468549731904879E10,5.6135146154965836E10
1.5000000000000005E-5,1.6666666666666667E-5,2.31204358392328E-6,1.8894621057593588E-8,5.835662933041106E10,5.72963659716467E10
2.100000000000001E-5,1.6666666666666667E-5,2.3009204806173418E-6,-4.031406296935635E-8,8.499272427658931E10,5.585884246034749E10
2.7000000000000006E-5,1.6666666666666667E-5,2.3051852913903133E-6,-5.3232114579241906E-8,1.1142773614078839E11,5.745007959124795E10
3.300000000000001E-5,1.6666666666666667E-5,2.328541354488832E-6,-5.1367186210190325E-8,1.4689070462179776E11,5.826638808218995E10
3.900000000000001E-5,1.6666666666666667E-5,2.3399725147865134E-6,-4.0010126386831364E-8,1.9257559243358823E11,5.380165107936746E10
4.500000000000001E-5,1.6666666666666667E-5,2.3505956872828774E-6,-2.978571772735014E-8,2.3677820646753253E11,5.145027031896395E10
5.100000000000002E-5,1.6666666666666667E-5,2.3640594454876035E-6,-2.2054008463473618E-8,3.021716864945741E11,4.510280232413891E10
5.700000000000002E-5,1.6666666666666667E-5,2.374486184082919E-6,-1.5518023724679585E-8,3.913706370816626E11,3.5799557852301704E10
6.300000000000001E-5,1.6666666666666667E-5,2.3798831505460452E-6,-9.116803107163232E-9,5.3104132771386127E11,3.821409931843396E10
6.900000000000002E-5,1.6666666666666667E-5,2.386152416429572E-6,-5.687504769661817E-9,6.27199254384495E11,-2.235761749726959E9
7.500000000000002E-5,1.6666666666666667E-5,2.386307302589421E-6,-3.330449148867885E-9,8.649429759663685E11,-1.0010773296899843E10
8.100000000000003E-5,1.6666666666666667E-5,2.385596502379584E-6,-2.3257342966531264E-9,1.131395060619308E12,-1.5418474995347644E11
8.700000000000001E-5,1.6666666666666667E-5,2.389012435761294E-6,-1.663267313852772E-9,1.470323446011825E12,-2.4604225226164435E11
9.300000000000002E-5,1.6666666666666667E-5,2.386848387203647E-6,-2.657599476192391E-10,1.9712602685664937E12,-4.11080128927213E11
9.900000000000003E-5,1.6666666666666667E-5,2.391495284589696E-6,-2.7562774110862777E-9,2.682489118788903E12,-6.754331023357095E11
1.0500000000000002E-4,1.6666666666666667E-5,2.3898039131201055E-6,6.77414229221417E-11,4.44259540067624E12,-2.2234827134204463E12
1.1100000000000003E-4,1.6666666666666667E-5,2.3918427918923475E-6,-1.2738598409760385E-9,6.041887747477154E12,-4.44718620678303E12
1.1700000000000004E-4,1.6666666666666667E-5,2.3878375701994046E-6,4.711399035042006E-12,5.485407780071698E12,-5.926267547806977E12
1.2300000000000004E-4,1.6666666666666667E-5,2.3887016933163467E-6,7.717458477520733E-10,6.396295749665295E12,-1.337074647455907E13
1.2900000000000005E-4,1.6666666666666667E-5,2.389595592246302E-6,-4.925264940251044E-10,1.0541224899575605E12,-1.0277405043207703E13
1.3500000000000003E-4,1.6666666666666667E-5,2.391428897862751E-6,-3.089171052625365E-12,8.50810826909751E10,-1.1576349999666799E13
1.4100000000000004E-4,1.6666666666666667E-5,2.3931829605156515E-6,5.022640451283084E-10,-9.480445354041631E11,-8.724740412013347E12
1.4700000000000005E-4,1.6666666666666667E-5,2.3944959973509582E-6,6.088783118309845E-10,-1.9666828812690454E11,-6.683196001426666E12
1.5300000000000003E-4,1.6666666666666667E-5,2.388203321822359E-6,-3.9777923312952223E-10,3.454923327459209E11,-6.540356835002222E12
1.5900000000000004E-4,1.6666666666666667E-5,2.38524289808348E-6,1.6879971345759806E-10,9.184472662758448E11,-7.931700519511851E12
1.6500000000000005E-4,1.6666666666666667E-5,2.3953522510596816E-6,-9.967216232085716E-10,2.8567620830471094E11,-1.2220425300954352E13
1.7100000000000004E-4,1.6666666666666667E-5,2.395675358198158E-6,-4.683759012691048E-10,-1.9926809371968257E12,-1.0087532306811318E13
1.7700000000000005E-4,1.6666666666666667E-5,2.3870672910624996E-6,-8.129802356171542E-10,-3.8083053768260684E12,-1.0194673849985842E13
1.8300000000000006E-4,1.6666666666666667E-5,2.391703249968975E-6,-3.3711991233134E-10,-8.972475678699756E12,-8.147229791791292E12
1.8900000000000004E-4,1.6666666666666667E-5,2.393516368158209E-6,-5.777110555986348E-10,-6.354205755218915E12,-3.7862137058622085E12
1.9500000000000005E-4,1.6666666666666667E-5,2.395906966996002E-6,2.0100372124252357E-9,-4.024094180218441E12,-2.8308201780205713E12
2.0100000000000006E-4,1.6666666666666667E-5,2.393232922548467E-6,6.9236711384308E-10,-2.8309596093842256E12,-1.0610161947002998E12
2.0700000000000004E-4,1.6666666666666667E-5,2.3853077968490097E-6,7.707031406500146E-10,-1.9428958389771172E12,-4.5360123885192505E11
2.1300000000000005E-4,1.6666666666666667E-5,2.38356858638406E-6,1.3794850139446009E-9,-1.555105438416177E12,-3.0715988347679456E11
2.1900000000000006E-4,1.6666666666666667E-5,2.3839566410997205E-6,2.222097590398006E-9,-1.15965374350355E12,-1.44735119730953E11
2.2500000000000005E-4,1.6666666666666667E-5,2.386136676414124E-6,4.0404985498830625E-9,-8.444778984372765E11,-4.695600720315869E10
2.3100000000000006E-4,1.6666666666666667E-5,2.3852752961092236E-6,5.319515165194758E-9,-6.170365702678287E11,3.9023617368868744E10
2.3700000000000007E-4,1.6666666666666667E-5,2.3789211082774686E-6,9.731980119287495E-9,-5.157022672328966E11,2.9723400252230618E10
2.4300000000000008E-4,1.6666666666666667E-5,2.3746078348382775E-6,1.4299951139752899E-8,-3.7237643117126733E11,5.267491745871619E10
2.4900000000000004E-4,1.6666666666666667E-5,2.3705131974224013E-6,2.139858619821621E-8,-3.012026818675946E11,4.239069639145767E10
2.5500000000000007E-4,1.6666666666666667E-5,2.358824298039601E-6,3.101836301540899E-8,-2.4231582514818054E11,4.794629400768614E10
2.6100000000000006E-4,1.6666666666666667E-5,2.3450132023450637E-6,4.156634634363427E-8,-1.9427488216751068E11,5.650624091538792E10
2.670000000000001E-4,1.6666666666666667E-5,2.3253493008630958E-6,4.9228662915529234E-8,-1.5027685180065402E11,5.575244330921607E10
2.730000000000001E-4,1.6666666666666667E-5,2.309954354600765E-6,5.4035447559927484E-8,-1.1492061634535017E11,5.8439090433590614E10
2.790000000000001E-4,1.6666666666666667E-5,2.3065093972017124E-6,3.717806072275456E-8,-8.250249917024176E10,5.900869438408169E10
2.8500000000000004E-4,1.6666666666666667E-5,2.3124778075016E-6,-1.864215888024804E-8,-5.815334126955832E10,5.715882217158161E10
2.910000000000001E-4,1.6666666666666667E-5,2.3647119067280576E-6,-1.7640094346414554E-7,-3.295123035833958E10,5.6923798559874214E10
2.9700000000000006E-4,1.6666666666666667E-5,2.4307578329446548E-6,-5.55201525650961E-7,-1.0631472386468557E10,5.7296451018851845E10
3.000000000000001E-6,2.333333333333334E-5,3.082240214866453E-6,5.609009924590931E-7,1.1053333755996672E10,7.73182143922194E10
9.000000000000002E-6,2.333333333333334E-5,3.08535598729967E-6,2.1743688261949733E-7,3.252895976956122E10,7.52581719167213E10
1.5000000000000005E-5,2.333333333333334E-5,3.0670218789626614E-6,4.521337978606489E-8,5.552697119727135E10,7.83234866275204E10
2.100000000000001E-5,2.333333333333334E-5,3.048618450908795E-6,-3.545237185985381E-8,8.062657220655124E10,7.54645869667556E10
2.7000000000000006E-5,2.333333333333334E-5,3.0469399086046163E-6,-5.8784022674631196E-8,1.1578919382887723E11,7.558674369179277E10
3.300000000000001E-5,2.333333333333334E-5,3.0497382152782986E-6,-6.138376823419129E-8,1.4888837570495514E11,7.016423670939024E10
3.900000000000001E-5,2.333333333333334E-5,3.053028378718996E-6,-5.138317962801167E-8,1.8401964976299588E11,6.936836441759535E10
4.500000000000001E-5,2.333333333333334E-5,3.0607672568535612E-6,-4.0800777379997106E-8,2.4060852851955145E11,6.903439158524911E10
5.100000000000002E-5,2.333333333333334E-5,3.0704359543057247E-6,-3.021027817519063E-8,3.0681819114306506E11,5.064182674142177E10
5.700000000000002E-5,2.333333333333334E-5,3.071986991721092E-6,-2.1103509358380253E-8,3.8759739204468475E11,4.007716519181259E10
6.300000000000001E-5,2.333333333333334E-5,3.071714754544077E-6,-1.3783829699226447E-8,4.792280050317201E11,3.6192901420890564E10
6.900000000000002E-5,2.333333333333334E-5,3.084788268325272E-6,-9.019194027653454E-9,6.300494375432736E11,-2.825748743601468E10
7.500000000000002E-5,2.333333333333334E-5,3.078452811266054E-6,-6.934371586069692E-9,8.032706166439435E11,-6.711845957855536E10
8.100000000000003E-5,2.333333333333334E-5,3.0869708789592147E-6,-3.1166753201656213E-9,9.62232323534749E11,-1.104500800624848E11
8.700000000000001E-5,2.333333333333334E-5,3.0854310846855425E-6,-2.4323805926003727E-9,1.2620008092916558E12,-2.869324677411471E11
9.300000000000002E-5,2.333333333333334E-5,3.079346729852293E-6,-8.258562852031814E-10,1.6612473547570093E12,-4.933840709998766E11
9.900000000000003E-5,2.333333333333334E-5,3.0764079359197435E-6,-4.837527942134806E-10,2.25790112613723E12,-8.801177118221516E11
1.0500000000000002E-4,2.333333333333334E-5,3.0768316804367967E-6,-7.28237108464525E-11,2.759619080375038E12,-1.7248296102852769E12
1.1100000000000003E-4,2.333333333333334E-5,3.087521534002196E-6,-1.0892656487956481E-9,3.4354402247122144E12,-3.4217392067017397E12
1.1700000000000004E-4,2.333333333333334E-5,3.086964107176406E-6,3.4264623127761867E-10,3.489433620905844E12,-5.138600167314386E12
1.2300000000000004E-4,2.333333333333334E-5,3.0832399150622248E-6,-8.249933479658806E-11,2.6168858718515137E12,-5.101140071383511E12
1.2900000000000005E-4,2.333333333333334E-5,3.077923189769334E-6,3.3916610479932484E-10,1.9820872164498274E12,-6.375833162866629E12
1.3500000000000003E-4,2.333333333333334E-5,3.0796052826106587E-6,3.246111630790876E-10,1.1319966702972368E12,-6.433299336038474E12
1.4100000000000004E-4,2.333333333333334E-5,3.077969655037792E-6,-2.2151481836331168E-10,5.171832880003001E11,-6.053039815783994E12
1.4700000000000005E-4,2.333333333333334E-5,3.0792660881496446E-6,3.6244290781080403E-10,1.989991358360852E11,-5.684970776192495E12
1.5300000000000003E-4,2.333333333333334E-5,3.0798691195528515E-6,-1.495301261749219E-10,1.0356711950314917E11,-5.6067142352473955E12
1.5900000000000004E-4,2.333333333333334E-5,3.086847711836815E-6,-1.364098525901488E-10,8.18499099481305E10,-6.06702008224677E12
1.6500000000000005E-4,2.333333333333334E-5,3.078095365490275E-6,-3.459960649224529E-10,-4.850475321580642E11,-5.803527508803692E12
1.7100000000000004E-4,2.333333333333334E-5,3.0752423508485825E-6,-8.120393156780436E-10,-2.592382260807931E12,-6.88068075761393E12
1.7700000000000005E-4,2.333333333333334E-5,3.0833049061533744E-6,-4.109379774936186E-10,-3.6892646901057344E12,-6.555664300463912E12
1.8300000000000006E-4,2.333333333333334E-5,3.076033681409506E-6,-1.5892342879594958E-10,-3.254016511934604E12,-4.200532902693408E12
1.8900000000000004E-4,2.333333333333334E-5,3.0845431669612375E-6,-2.395130731842647E-10,-3.2635633777464927E12,-2.46747240686933E12
1.9500000000000005E-4,2.333333333333334E-5,3.0786759973851644E-6,8.293141573447434E-10,-2.9548859940819277E12,-1.5528456247536514E12
2.0100000000000006E-4,2.333333333333334E-5,3.084509304133413E-6,1.1145432450679777E-9,-2.2860155628909463E12,-1.053662914648995E12
2.0700000000000004E-4,2.333333333333334E-5,3.086978769622099E-6,1.8367037678875612E-9,-1.726698231885842E12,-6.491888982919606E11
2.1300000000000005E-4,2.333333333333334E-5,3.0856820832134776E-6,1.8433513786448745E-9,-1.3204570344137795E12,-3.359201848413164E11
2.1900000000000006E-4,2.333333333333334E-5,3.085425252867588E-6,3.1522028005324586E-9,-1.006913138007427E12,-1.709568968636078E11
2.2500000000000005E-4,2.333333333333334E-5,3.084821947832917E-6,6.3231668732562905E-9,-7.762189040956373E11,-7.360288410385083E10
2.3100000000000006E-4,2.333333333333334E-5,3.084725672814632E-6,9.307201579570834E-9,-5.902355545460701E11,-1.8193011485355408E10
2.3700000000000007E-4,2.333333333333334E-5,3.074067198112982E-6,1.4145361904532983E-8,-4.567322880108192E11,5.444731160779748E10
2.4300000000000008E-4,2.333333333333334E-5,3.071851117259935E-6,2.0587556805474235E-8,-3.7840675391976E11,4.7544718034410355E10
2.4900000000000004E-4,2.333333333333334E-5,3.0617559834006912E-6,2.8142772473040974E-8,-2.949511109134867E11,5.736333264987498E10
2.5500000000000007E-4,2.333333333333334E-5,3.059459928119975E-6,4.004638923967796E-8,-2.419224354349916E11,6.773906896526075E10
2.6100000000000006E-4,2.333333333333334E-5,3.060541369633293E-6,5.30943752591995E-8,-1.808682288028062E11,7.821828585565411E10
2.670000000000001E-4,2.333333333333334E-5,3.0574994461986714E-6,6.04783725264617E-8,-1.4254259376761346E11,7.815910902142068E10
2.730000000000001E-4,2.333333333333334E-5,3.053304778628884E-6,6.092949127328311E-8,-1.0875332903036092E11,8.011070607663258E10
2.790000000000001E-4,2.333333333333334E-5,3.050484275037061E-6,3.5272929204296354E-8,-8.678663280334923E10,7.292550226274437E10
2.8500000000000004E-4,2.333333333333334E-5,3.063491988590778E-6,-4.198104126834953E-8,-5.895691583582836E10,7.622505571157391E10
2.910000000000001E-4,2.333333333333334E-5,3.0826999640786085E-6,-2.1772444087512848E-7,-3.2502653605547165E10,7.55283616843549E10
2.9700000000000006E-4,2.333333333333334E-5,3.087510306459407E-6,-5.600050632873002E-7,-1.0899907938952894E10,7.773228086749889E10
3.000000000000001E-6,3.0000000000000004E-5,3.597788910031765E-6,4.835529249300985E-7,1.1142447153207663E10,9.206751367001721E10
9.000000000000002E-6,3.0000000000000004E-5,3.6471302050741768E-6,2.0741525379934772E-7,3.130251955382259E10,9.170027927371794E10
1.5000000000000005E-5,3.0000000000000004E-5,3.653279401103053E-6,5.4800437949725135E-8,5.5190524543566345E10,9.371987866877795E10
2.100000000000001E-5,3.0000000000000004E-5,3.645427776962308E-6,-2.3122807904449624E-8,7.941572294024245E10,8.959982568060678E10
2.7000000000000006E-5,3.0000000000000004E-5,3.6425129841529576E-6,-5.185920103221121E-8,1.1485315229906136E11,9.162871827684908E10
3.300000000000001E-5,3.0000000000000004E-5,3.62937929154116E-6,-5.7238321169778674E-8,1.4550328136497455E11,8.341266958176819E10
3.900000000000001E-5,3.0000000000000004E-5,3.624816049340934E-6,-5.2643483379418584E-8,1.8391755337517365E11,8.454942176185675E10
4.500000000000001E-5,3.0000000000000004E-5,3.6212550676354493E-6,-4.1740097176850067E-8,2.2791055526646832E11,7.356380922854977E10
5.100000000000002E-5,3.0000000000000004E-5,3.6124699028062407E-6,-3.1901802860070134E-8,2.9127686975809534E11,6.5242692645508026E10
5.700000000000002E-5,3.0000000000000004E-5,3.614207769229287E-6,-2.2858298004805447E-8,3.638773894972229E11,5.6168307831408226E10
6.300000000000001E-5,3.0000000000000004E-5,3.6182525473531052E-6,-1.432998130753266E-8,4.593034223973515E11,4.540790585416205E10
6.900000000000002E-5,3.0000000000000004E-5,3.6161100270822524E-6,-1.004152786406709E-8,5.729812849745978E11,-1.0299060328013794E10
7.500000000000002E-5,3.0000000000000004E-5,3.613673084090329E-6,-7.844676176688741E-9,7.259392114012471E11,-3.473811324852362E10
8.100000000000003E-5,3.0000000000000004E-5,3.6231203607697757E-6,-4.7910887553595495E-9,9.370264605684973E11,-2.000852906452943E11
8.700000000000001E-5,3.0000000000000004E-5,3.614216072520804E-6,-2.4476882115841116E-9,1.0300327860071595E12,-2.5110901267835666E11
9.300000000000002E-5,3.0000000000000004E-5,3.6143214947945598E-6,-1.5063764570522932E-9,1.286236530369355E12,-3.968538049355269E11
9.900000000000003E-5,3.0000000000000004E-5,3.6158809906548414E-6,-1.142290119357956E-9,1.6316881134516482E12,-6.714112233161752E11
1.0500000000000002E-4,3.0000000000000004E-5,3.6235339943245407E-6,-4.6267866330888466E-10,1.976843323273818E12,-1.414152375686515E12
1.1100000000000003E-4,3.0000000000000004E-5,3.6177722408053517E-6,-1.8425756765172518E-10,2.28665645152882E12,-2.1003994607694675E12
1.1700000000000004E-4,3.0000000000000004E-5,3.615693408928553E-6,-1.5795877616581126E-10,2.3495336761638037E12,-2.927598086586806E12
1.2300000000000004E-4,3.0000000000000004E-5,3.6158248546702008E-6,1.5564035806107375E-10,2.0644542386513518E12,-3.730591291553742E12
1.2900000000000005E-4,3.0000000000000004E-5,3.6175441674231327E-6,4.2542758082551335E-10,1.9919541955633396E12,-4.010741620100283E12
1.3500000000000003E-4,3.0000000000000004E-5,3.6179276733399275E-6,1.7157953387366745E-9,8.581586253561606E11,-4.330788810527987E12
1.4100000000000004E-4,3.0000000000000004E-5,3.6165268464714426E-6,-2.547234920272966E-10,4.364931099724542E11,-4.3066864884537583E12
1.4700000000000005E-4,3.0000000000000004E-5,3.615962028182135E-6,8.569276485619041E-11,1.6460916533809457E11,-4.2527986939703906E12
1.5300000000000003E-4,3.0000000000000004E-5,3.6244502856774287E-6,-8.924393881936594E-10,1.7818405058292044E11,-3.6323929417597515E12
1.5900000000000004E-4,3.0000000000000004E-5,3.6159871641528253E-6,4.829855444641308E-10,-6.111091819142493E11,-4.134233300070202E12
1.6500000000000005E-4,3.0000000000000004E-5,3.614843920725016E-6,4.196370748853835E-10,-1.0388456321087128E12,-4.3728666858790073E12
1.7100000000000004E-4,3.0000000000000004E-5,3.620009905248736E-6,-1.3876382073470363E-10,-1.5842499023103008E12,-4.525206926861208E12
1.7700000000000005E-4,3.0000000000000004E-5,3.6129071475768374E-6,-6.945055133673697E-10,-1.6631162247894155E12,-3.334373797464614E12
1.8300000000000006E-4,3.0000000000000004E-5,3.616449147539406E-6,-1.236118097498138E-11,-2.6154776759471587E12,-2.9109003189790913E12
1.8900000000000004E-4,3.0000000000000004E-5,3.616880693672276E-6,4.0283401720039676E-11,-2.1619882790512593E12,-1.8921479605611135E12
1.9500000000000005E-4,3.0000000000000004E-5,3.6109071810200634E-6,-3.1211650501625565E-10,-2.1045977749535623E12,-1.338903000241993E12
2.0100000000000006E-4,3.0000000000000004E-5,3.621627993593453E-6,3.3573017082864847E-10,-1.436549310819464E12,-7.613515210280089E11
2.0700000000000004E-4,3.0000000000000004E-5,3.6143810929298275E-6,1.958697490356436E-9,-1.235851752110778E12,-4.5868286722033276E11
2.1300000000000005E-4,3.0000000000000004E-5,3.611878480124985E-6,1.9984005442509696E-9,-1.0040137150717117E12,-2.4680994111819775E11
2.1900000000000006E-4,3.0000000000000004E-5,3.6141378028839856E-6,3.201077156099627E-9,-8.010886640773281E11,-1.3534549996952473E11
2.2500000000000005E-4,3.0000000000000004E-5,3.611851008796627E-6,7.500127677505707E-9,-6.499948339702119E11,-5.8133071578626465E10
2.3100000000000006E-4,3.0000000000000004E-5,3.616119687264657E-6,1.0309197056578634E-8,-5.327241058122452E11,-1.0760430224804535E10
2.3700000000000007E-4,3.0000000000000004E-5,3.619726020499179E-6,1.5352519549994147E-8,-4.517119958805465E11,2.8688834804911438E10
2.4300000000000008E-4,3.0000000000000004E-5,3.6147394958613665E-6,2.192905887370736E-8,-3.7224828998754236E11,5.5849841724947266E10
2.4900000000000004E-4,3.0000000000000004E-5,3.617666852123993E-6,3.0190158307577024E-8,-3.0268584585994495E11,7.462623789759026E10
2.5500000000000007E-4,3.0000000000000004E-5,3.621701727066992E-6,4.095383421737038E-8,-2.2336935546724377E11,8.841489625985605E10
2.6100000000000006E-4,3.0000000000000004E-5,3.627967261190703E-6,5.2584153163761514E-8,-1.84445421735245E11,8.243726305513528E10
2.670000000000001E-4,3.0000000000000004E-5,3.634117784360639E-6,5.765499474241231E-8,-1.458470227790786E11,8.190205844996884E10
2.730000000000001E-4,3.0000000000000004E-5,3.646701613368899E-6,5.224877293573896E-8,-1.1493886013363936E11,9.322645337467935E10
2.790000000000001E-4,3.0000000000000004E-5,3.6453334651790892E-6,2.1508230027432343E-8,-8.012044988353072E10,9.054716064985353E10
2.8500000000000004E-4,3.0000000000000004E-5,3.6564772085319375E-6,-5.422855765114657E-8,-5.4995315791747375E10,9.371975083354512E10
2.910000000000001E-4,3.0000000000000004E-5,3.6488059811521577E-6,-2.0897261796990901E-7,-3.2586215014601448E10,8.944174129880356E10
2.9700000000000006E-4,3.0000000000000004E-5,3.6019048124345235E-6,-4.836287090077872E-7,-1.1018610630260616E10,9.304223433381316E10
3.000000000000001E-6,3.666666666666667E-5,3.9717850917230985E-6,3.5590735457582724E-7,1.1266801897183607E10,1.0304807676340138E11
9.000000000000002E-6,3.666666666666667E-5,4.048508146502705E-6,1.5696222574244033E-7,3.2423720743102432E10,9.929193625809438E10
1.5000000000000005E-5,3.666666666666667E-5,4.077205418010464E-6,4.844606689994524E-8,5.479248833051779E10,1.0448478168958676E11
2.100000000000001E-5,3.666666666666667E-5,4.078277102913351E-6,-1.2583347664051453E-8,8.547015874020656E10,9.732756797066507E10
2.7000000000000006E-5,3.666666666666667E-5,4.068066441939582E-6,-3.7544895221371286E-8,1.1349769160173032E11,1.0249921592833768E11
3.300000000000001E-5,3.666666666666667E-5,4.053550946551715E-6,-4.4010032875604234E-8,1.4241351306048413E11,9.32776369857991E10
3.900000000000001E-5,3.666666666666667E-5,4.0398117653188055E-6,-4.059474606589426E-8,1.814171487650598E11,9.533269195251634E10
4.500000000000001E-5,3.666666666666667E-5,4.030115229204052E-6,-3.365703361596653E-8,2.3270648578543112E11,8.379006744430162E10
5.100000000000002E-5,3.666666666666667E-5,4.014637341860376E-6,-2.655545984071604E-8,2.699987222831041E11,7.991836736444771E10
5.700000000000002E-5,3.666666666666667E-5,4.010695281002283E-6,-1.9018733780738515E-8,3.3140705432190985E11,7.378170812063782E10
6.300000000000001E-5,3.666666666666667E-5,4.010768044199091E-6,-1.2423437775637124E-8,4.1377439889510333E11,2.2089070986585663E10
6.900000000000002E-5,3.666666666666667E-5,3.998489442466339E-6,-9.201340086372224E-9,5.185570219647896E11,3.629235429940155E9
7.500000000000002E-5,3.666666666666667E-5,4.000440811915962E-6,-6.71497249508043E-9,6.606779859295999E11,-3.458973539687378E10
8.100000000000003E-5,3.666666666666667E-5,4.002288920386991E-6,-4.122867939321512E-9,8.161395867863533E11,-1.5093120353216925E11
8.700000000000001E-5,3.666666666666667E-5,3.998946749344788E-6,-2.390447937067251E-9,1.021160199240221E12,-2.4912863258047458E11
9.300000000000002E-5,3.666666666666667E-5,4.002313122444733E-6,-2.543423089877343E-9,1.0883207541243861E12,-2.7835009711724713E11
9.900000000000003E-5,3.666666666666667E-5,4.004543864879723E-6,-1.3645830911498286E-9,1.286972353886645E12,-6.308141655760372E11
1.0500000000000002E-4,3.666666666666667E-5,3.99775652521703E-6,-7.528115017973609E-10,1.5190694168628953E12,-9.58063224616418E11
1.1100000000000003E-4,3.666666666666667E-5,3.993645861876166E-6,-6.349802929419845E-10,1.745825304472401E12,-1.3735242412887083E12
1.1700000000000004E-4,3.666666666666667E-5,3.99802582053096E-6,-2.6380473751998987E-10,1.5217446792136191E12,-1.9957267909059377E12
1.2300000000000004E-4,3.666666666666667E-5,4.003491356110008E-6,9.908734872683046E-10,1.4155727194216978E12,-2.574281540404972E12
1.2900000000000005E-4,3.666666666666667E-5,4.006290097264388E-6,8.489698898032357E-10,1.1450629943384756E12,-3.0368737893003955E12
1.3500000000000003E-4,3.666666666666667E-5,4.0062211422901966E-6,1.4304540805174097E-9,5.941013597579849E11,-2.799997993117465E12
1.4100000000000004E-4,3.666666666666667E-5,4.004617795046536E-6,-2.952242859472512E-10,5.3963577137545416E11,-2.7952976469511104E12
1.4700000000000005E-4,3.666666666666667E-5,4.009729263742574E-6,-9.522050637859522E-10,1.245430480972515E11,-3.354913929237471E12
1.5300000000000003E-4,3.666666666666667E-5,4.0019035209318606E-6,-2.430330340778781E-10,-2.7273625574122495E11,-2.8438185957366294E12
1.5900000000000004E-4,3.666666666666667E-5,4.001133678310044E-6,2.2601528567014668E-10,-5.748361506095901E11,-2.9485045932877134E12
1.6500000000000005E-4,3.666666666666667E-5,4.0062038368014454E-6,1.0111824176307296E-9,-6.814164112226263E11,-3.152353409064178E12
1.7100000000000004E-4,3.666666666666667E-5,3.9996795832590965E-6,3.2930394835310554E-10,-1.2554815114117458E12,-2.661675585252266E12
1.7700000000000005E-4,3.666666666666667E-5,4.001026502675159E-6,-2.9910271003806536E-10,-1.5292323950439358E12,-2.4950918265712524E12
1.8300000000000006E-4,3.666666666666667E-5,4.003113622568488E-6,-2.0536649152409596E-10,-1.4186713711399236E12,-1.7710889781349617E12
1.8900000000000004E-4,3.666666666666667E-5,3.996042145913234E-6,-2.7936879246035353E-10,-1.6550426782289146E12,-1.3414101237533188E12
1.9500000000000005E-4,3.666666666666667E-5,4.00564269089918E-6,-3.5562723224116755E-10,-1.5985773988047488E12,-9.450988416755275E11
2.0100000000000006E-4,3.666666666666667E-5,4.0017290075314675E-6,6.932401941293246E-10,-1.2972106983847644E12,-6.178430526593914E11
2.0700000000000004E-4,3.666666666666667E-5,3.998824256495051E-6,1.6972406753279577E-9,-1.1697425568684583E12,-4.0184417559380786E11
2.1300000000000005E-4,3.666666666666667E-5,3.998814826007433E-6,2.400207444731253E-9,-9.906444064218942E11,-2.3926134510243015E11
2.1900000000000006E-4,3.666666666666667E-5,3.998160233002748E-6,2.901644697680763E-9,-8.020369933857903E11,-1.3498917176054073E11
2.2500000000000005E-4,3.666666666666667E-5,4.00015554776974E-6,6.020377992562698E-9,-6.549764029452565E11,-5.7862036933792786E10
2.3100000000000006E-4,3.666666666666667E-5,4.0037783344225975E-6,7.605183985630741E-9,-5.3991827135257837E11,-9.225741525570068E8
2.3700000000000007E-4,3.666666666666667E-5,4.008134547208744E-6,1.224658749677404E-8,-4.4443208240159064E11,3.442276810293781E10
2.4300000000000008E-4,3.666666666666667E-5,4.015201809787478E-6,1.9339530815294238E-8,-3.3244306478923846E11,7.502945526098051E10
2.4900000000000004E-4,3.666666666666667E-5,4.026225145302775E-6,2.589336555821197E-8,-2.736285940981653E11,8.976348594396674E10
2.5500000000000007E-4,3.666666666666667E-5,4.034713808207884E-6,3.48337301771923E-8,-2.2708319950559198E11,7.754677996849983E10
2.6100000000000006E-4,3.666666666666667E-5,4.039270795909906E-6,4.180065157892345E-8,-1.792947165879762E11,9.469950942102957E10
2.670000000000001E-4,3.666666666666667E-5,4.055124667839304E-6,4.413268136986365E-8,-1.4258140548016995E11,9.258587397485297E10
2.730000000000001E-4,3.666666666666667E-5,4.063649434071863E-6,3.656845501709666E-8,-1.1384245197967044E11,1.0258821890794127E11
2.790000000000001E-4,3.666666666666667E-5,4.070369909961432E-6,1.2042219840424217E-8,-7.890865319093896E10,1.0054347175082181E11
2.8500000000000004E-4,3.666666666666667E-5,4.078508069863272E-6,-5.1209849089396845E-8,-5.46200627744156E10,1.0518329172477132E11
2.910000000000001E-4,3.666666666666667E-5,4.0484283899431395E-6,-1.5833858171414045E-7,-3.2585267927211372E10,9.940565308491862E10
2.9700000000000006E-4,3.666666666666667E-5,3.970322427011555E-6,-3.524893405975132E-7,-1.1363599597321232E10,1.0342443280178159E11
3.000000000000001E-6,4.333333333333334E-5,4.195673106247484E-6,1.898999175607537E-7,1.1658497359219534E10,1.090476539076049E11
9.000000000000002E-6,4.333333333333334E-5,4.289301132549921E-6,8.29656346152403E-8,3.299913037491247E10,1.0440713336501668E11
1.5000000000000005E-5,4.333333333333334E-5,4.333505000459236E-6,2.8732344466002262E-8,5.465421193300017E10,1.1101271762041957E11
2.100000000000001E-5,4.333333333333334E-5,4.339747014016055E-6,-5.558620380765407E-9,7.805906741543742E10,1.0603946278732936E11
2.7000000000000006E-5,4.333333333333334E-5,4.330699464321915E-6,-1.9752470133213852E-8,1.113149698211233E11,1.0933224708618578E11
3.300000000000001E-5,4.333333333333334E-5,4.316885624236506E-6,-2.3795869453456684E-8,1.379838947903545E11,9.994261256863974E10
3.900000000000001E-5,4.333333333333334E-5,4.295719193066376E-6,-2.2305401741682946E-8,1.7340001548104736E11,1.0318905331725798E11
4.500000000000001E-5,4.333333333333334E-5,4.278895051861054E-6,-1.7917770305577437E-8,2.1749671339611185E11,9.267009515329861E10
5.100000000000002E-5,4.333333333333334E-5,4.2634156714826465E-6,-1.2885165442613863E-8,2.5158632152897504E11,7.248945294765665E10
5.700000000000002E-5,4.333333333333334E-5,4.257672036088465E-6,-1.134165743490723E-8,3.360546285474778E11,7.111438060247627E10
6.300000000000001E-5,4.333333333333334E-5,4.245750885521005E-6,-6.895513254810612E-9,3.850738137394281E11,2.0303542368424744E10
6.900000000000002E-5,4.333333333333334E-5,4.236343140430561E-6,-6.321743518959697E-9,4.741570409474067E11,9.083172663062714E9
7.500000000000002E-5,4.333333333333334E-5,4.239513162790161E-6,-4.306463981679981E-9,5.821306790313256E11,-5.388260076140384E10
8.100000000000003E-5,4.333333333333334E-5,4.234161526357247E-6,-1.8870269025115694E-9,7.21298328874666E11,-1.0205446703210437E11
8.700000000000001E-5,4.333333333333334E-5,4.23594294605434E-6,-2.1260541802857637E-9,8.44401673765487E11,-1.9312301974332397E11
9.300000000000002E-5,4.333333333333334E-5,4.233188508220122E-6,-1.6755366622527335E-9,8.577429037272887E11,-2.97543079742238E11
9.900000000000003E-5,4.333333333333334E-5,4.229650510333749E-6,-1.813807039565314E-9,9.761779974819248E11,-4.499286000411173E11
1.0500000000000002E-4,4.333333333333334E-5,4.229195845695439E-6,-1.0072164374867178E-9,1.0967286791418102E12,-6.801467451572197E11
1.1100000000000003E-4,4.333333333333334E-5,4.232777339097247E-6,-5.030117245615836E-10,1.209773775569799E12,-9.639342442174573E11
1.1700000000000004E-4,4.333333333333334E-5,4.23332579310825E-6,3.8369000444112536E-10,1.13754835837368E12,-1.317281147936329E12
1.2300000000000004E-4,4.333333333333334E-5,4.2285038934879036E-6,1.172828229686815E-9,1.0914216044831599E12,-1.5875452620968523E12
1.2900000000000005E-4,4.333333333333334E-5,4.232358521621942E-6,7.310775394129747E-10,9.399226140099769E11,-1.7372261699452795E12
1.3500000000000003E-4,4.333333333333334E-5,4.230533797133199E-6,-1.9231904117570345E-10,6.242867631480474E11,-2.02227950912803E12
1.4100000000000004E-4,4.333333333333334E-5,4.2312369352026265E-6,-1.2945782986557184E-9,5.1806116492114484E11,-2.074289556832464E12
1.4700000000000005E-4,4.333333333333334E-5,4.231918806349386E-6,-3.8735718383504635E-10,1.260099076441207E11,-2.0369010082891736E12
1.5300000000000003E-4,4.333333333333334E-5,4.2284472297186746E-6,-3.2123292715023743E-10,-1.1814407790145007E11,-2.132077019511567E12
1.5900000000000004E-4,4.333333333333334E-5,4.233971745992453E-6,5.607311456425237E-10,-3.698506865073741E11,-2.2207564217070073E12
1.6500000000000005E-4,4.333333333333334E-5,4.234064030988698E-6,1.338909039071697E-9,-6.963765301309868E11,-1.9974923615484807E12
1.7100000000000004E-4,4.333333333333334E-5,4.232209267273728E-6,7.42115320942533E-11,-9.11074547815307E11,-1.988873176446807E12
1.7700000000000005E-4,4.333333333333334E-5,4.232641952863756E-6,5.854733636232117E-11,-9.441098689838195E11,-1.5381139829778496E12
1.8300000000000006E-4,4.333333333333334E-5,4.229816857160426E-6,1.5740739617501218E-13,-1.1948112318822937E12,-1.3651328171009736E12
1.8900000000000004E-4,4.333333333333334E-5,4.235668535718507E-6,-8.924239766891259E-10,-1.247103569650411E12,-1.1344235493543965E12
1.9500000000000005E-4,4.333333333333334E-5,4.231053848691844E-6,4.861035301850321E-10,-1.0801665033412388E12,-7.918343934289319E11
2.0100000000000006E-4,4.333333333333334E-5,4.229142731419005E-6,4.428628516503355E-11,-1.0534942397610669E12,-5.553642432101514E11
2.0700000000000004E-4,4.333333333333334E-5,4.226339041599641E-6,1.2943007363031979E-9,-9.255345785365503E11,-2.6754590050735944E11
2.1300000000000005E-4,4.333333333333334E-5,4.234298937559413E-6,-2.572273420853082E-10,-8.387164066368958E11,-1.485104403245216E11
2.1900000000000006E-4,4.333333333333334E-5,4.231208851510868E-6,1.6960592163287217E-9,-6.562345664684856E11,-8.705921650193994E10
2.2500000000000005E-4,4.333333333333334E-5,4.234259176833934E-6,4.18586237322807E-9,-5.512415558930247E11,-3.0286775364594727E10
2.3100000000000006E-4,4.333333333333334E-5,4.2420673910750696E-6,5.2183452698021985E-9,-4.711094525168007E11,2.9432730157307953E10
2.3700000000000007E-4,4.333333333333334E-5,4.250016853254211E-6,7.621906461075859E-9,-3.934013209899368E11,2.229858670335797E10
2.4300000000000008E-4,4.333333333333334E-5,4.252911839837369E-6,1.0767087906326052E-8,-3.151273010694451E11,6.032621590686819E10
2.4900000000000004E-4,4.333333333333334E-5,4.259473788400284E-6,1.6308943546784493E-8,-2.5190866587909497E11,8.042488103584967E10
2.5500000000000007E-4,4.333333333333334E-5,4.274449784834635E-6,2.0194342300041753E-8,-2.1174034939600613E11,9.565769307804268E10
2.6100000000000006E-4,4.333333333333334E-5,4.2932197515939E-6,2.2745476061045713E-8,-1.7185746848723654E11,1.0238814027362102E11
2.670000000000001E-4,4.333333333333334E-5,4.311375402246991E-6,2.307524597435239E-8,-1.3856206395038788E11,9.990808246156802E10
2.730000000000001E-4,4.333333333333334E-5,4.325806274605596E-6,1.8384651104776206E-8,-1.1208324539815741E11,1.0903118019549081E11
2.790000000000001E-4,4.333333333333334E-5,4.337201245247909E-6,4.463740725956006E-9,-7.790065396925078E10,1.0648329980460683E11
2.8500000000000004E-4,4.333333333333334E-5,4.33180815506257E-6,-3.004705736581565E-8,-5.47923630439934E10,1.1103738939039888E11
2.910000000000001E-4,4.333333333333334E-5,4.286163232774478E-6,-8.379491016691579E-8,-3.316215224636311E10,1.0440893538542184E11
2.9700000000000006E-4,4.333333333333334E-5,4.193625275742819E-6,-1.8973689554758273E-7,-1.1765252401655365E10,1.090142015807603E11
3.000000000000001E-6,5.000000000000001E-5,4.266619222219066E-6,9.58032990723808E-9,1.2297956599485325E10,1.0854564455844707E11
9.000000000000002E-6,5.000000000000001E-5,4.367335972375592E-6,-6.365605296595039E-9,3.479686133687541E10,1.0359311834009425E11
1.5000000000000005E-5,5.000000000000001E-5,4.419385666473728E-6,1.6696439140109188E-9,5.566115476771737E10,1.1328426242778032E11
2.100000000000001E-5,5.000000000000001E-5,4.426152910733429E-6,-8.968037573732528E-10,7.930697691278957E10,1.0919340853579016E11
2.7000000000000006E-5,5.000000000000001E-5,4.418454305066926E-6,-8.873121304895879E-10,1.1003577055145836E11,1.1380190218157791E11
3.300000000000001E-5,5.000000000000001E-5,4.399279109555895E-6,-3.6343937559742907E-10,1.3354807350778384E11,1.0595125872970474E11
3.900000000000001E-5,5.000000000000001E-5,4.3807282780836595E-6,6.435535200437507E-10,1.6409119460099524E11,9.749539416026727E10
4.500000000000001E-5,5.000000000000001E-5,4.361503973568138E-6,2.123965865243378E-9,1.9104838782609885E11,9.161565107944511E10
5.100000000000002E-5,5.000000000000001E-5,4.33811214152723E-6,1.0906788591975927E-9,2.3516335783834555E11,7.328031661943251E10
5.700000000000002E-5,5.000000000000001E-5,4.3329531575692045E-6,-7.562912110581724E-10,3.0811448581127386E11,3.44170239320621E10
6.300000000000001E-5,5.000000000000001E-5,4.324605423629996E-6,-3.7506029355695097E-10,3.627338318568767E11,1.1644819882202606E10
6.900000000000002E-5,5.000000000000001E-5,4.321247835485337E-6,-3.286936420802822E-10,4.383020810784711E11,1.4465220291689697E10
7.500000000000002E-5,5.000000000000001E-5,4.320267153991323E-6,-1.836340005280835E-9,5.0384481176480615E11,-4.4488080135838196E10
8.100000000000003E-5,5.000000000000001E-5,4.315804535816422E-6,-1.7968236370087323E-10,6.34280051079969E11,-1.1314671273361247E11
8.700000000000001E-5,5.000000000000001E-5,4.309632087383542E-6,-7.262810069082768E-10,7.271377697153344E11,-1.7788965433891702E11
9.300000000000002E-5,5.000000000000001E-5,4.309661502858549E-6,-6.363177073029365E-10,8.258378464990212E11,-2.807593776296095E11
9.900000000000003E-5,5.000000000000001E-5,4.307779828422702E-6,-1.8302608427424535E-9,9.15874170552805E11,-4.3818016497046704E11
1.0500000000000002E-4,5.000000000000001E-5,4.3143007645777546E-6,-1.3838465545698907E-9,8.49268542203701E11,-5.4277647649616785E11
1.1100000000000003E-4,5.000000000000001E-5,4.306374050580537E-6,-2.5698492314875122E-11,8.288546390454275E11,-7.606220289034573E11
1.1700000000000004E-4,5.000000000000001E-5,4.304865348914985E-6,1.7740726273709141E-9,8.634406022999948E11,-1.0029807416145596E12
1.2300000000000004E-4,5.000000000000001E-5,4.306775094996836E-6,9.714027173205576E-10,8.522492731188127E11,-1.2345610773666028E12
1.2900000000000005E-4,5.000000000000001E-5,4.310934311208014E-6,-1.1146504227691311E-9,7.160492724246238E11,-1.3262502300018584E12
1.3500000000000003E-4,5.000000000000001E-5,4.306086816716362E-6,-9.549919378161348E-10,6.04369143819967E11,-1.4494655982543804E12
1.4100000000000004E-4,5.000000000000001E-5,4.30760079660653E-6,-9.204430828597738E-10,3.968053415855495E11,-1.4567363776513298E12
1.4700000000000005E-4,5.000000000000001E-5,4.304738329363019E-6,6.288093700516793E-10,1.8115122662472595E11,-1.4594061595653518E12
1.5300000000000003E-4,5.000000000000001E-5,4.306392935683718E-6,-1.1580233395403865E-9,-2.4049910310650418E11,-1.6696419985809924E12
1.5900000000000004E-4,5.000000000000001E-5,4.3088915570357144E-6,-1.6690711173844542E-10,-4.6099017402730865E11,-1.444780665961239E12
1.6500000000000005E-4,5.000000000000001E-5,4.312327508559745E-6,1.6053619717824202E-9,-5.268004949417867E11,-1.5407710247087458E12
1.7100000000000004E-4,5.000000000000001E-5,4.3151793100118164E-6,6.415802238487772E-10,-7.031702589312649E11,-1.528132724779893E12
1.7700000000000005E-4,5.000000000000001E-5,4.314682206473169E-6,4.1469766786880605E-10,-8.495594490536096E11,-1.287635152376314E12
1.8300000000000006E-4,5.000000000000001E-5,4.31290614880073E-6,-6.022895425517287E-10,-7.991862057833473E11,-9.942924183121536E11
1.8900000000000004E-4,5.000000000000001E-5,4.307542467111374E-6,-1.2055841270991592E-9,-8.169879483121298E11,-7.537294928343815E11
1.9500000000000005E-4,5.000000000000001E-5,4.309868010998014E-6,-6.08030248030066E-11,-8.808378481528983E11,-5.835282461003417E11
2.0100000000000006E-4,5.000000000000001E-5,4.3109023264514955E-6,3.2721471914422053E-11,-8.657847567494741E11,-4.0279226686213385E11
2.0700000000000004E-4,5.000000000000001E-5,4.315690837118453E-6,-7.94178277196007E-11,-7.520905887221713E11,-2.421858357421748E11
2.1300000000000005E-4,5.000000000000001E-5,4.3175321978466505E-6,-1.5429180997910543E-10,-7.068807184771146E11,-1.8086665043948682E11
2.1900000000000006E-4,5.000000000000001E-5,4.309727082108807E-6,1.4160949348959992E-9,-6.263625818664745E11,-7.666153800749829E10
2.2500000000000005E-4,5.000000000000001E-5,4.313413211897936E-6,8.959353830660308E-10,-5.349305022908385E11,-2.977767593163205E10
2.3100000000000006E-4,5.000000000000001E-5,4.3189969495060026E-6,-4.3478273763321906E-10,-4.464057229108591E11,-2.3582737094080414E10
2.3700000000000007E-4,5.000000000000001E-5,4.322301983494162E-6,-5.502795420526394E-10,-3.6259032473939246E11,3.4629781139148346E10
2.4300000000000008E-4,5.000000000000001E-5,4.330103502199535E-6,7.79273696304739E-10,-2.8881589376874194E11,6.019117028621019E10
2.4900000000000004E-4,5.000000000000001E-5,4.34138859894197E-6,1.3001496027107232E-9,-2.459450488710386E11,6.922586633428084E10
2.5500000000000007E-4,5.000000000000001E-5,4.35938505966156E-6,1.5545700224645741E-9,-1.9514748931559323E11,8.579638530607568E10
2.6100000000000006E-4,5.000000000000001E-5,4.376908605809841E-6,8.301275034686118E-11,-1.6593291471280237E11,1.0488639900217822E11
2.670000000000001E-4,5.000000000000001E-5,4.398028158742294E-6,-1.2484742214180571E-9,-1.3380359658206364E11,1.0596138016775809E11
2.730000000000001E-4,5.000000000000001E-5,4.416713892372264E-6,-1.104625579634068E-9,-1.1028726438107872E11,1.1315632352112283E11
2.790000000000001E-4,5.000000000000001E-5,4.4262948792560284E-6,-1.8764785560131928E-10,-7.954212331861293E10,1.0894511295790733E11
2.8500000000000004E-4,5.000000000000001E-5,4.418617260734593E-6,-1.5395578812801555E-9,-5.56766039659079E10,1.1315524308991016E11
2.910000000000001E-4,5.000000000000001E-5,4.365710531922053E-6,4.452037961198992E-9,-3.476601523610138E10,1.0392195255861072E11
2.9700000000000006E-4,5.000000000000001E-5,4.2683754726898385E-6,-1.0471299047570579E-8,-1.2420536404311333E10,1.0910882246215955E11
3.000000000000001E-6,5.666666666666668E-5,4.19315479809243E-6,-1.7096055139064305E-7,1.3874474182535261E10,1.0058217673963922E11
9.000000000000002E-6,5.666666666666668E-5,4.288386470480396E-6,-9.343481034929691E-8,3.94934364700119E10,9.638517043405977E10
1.5000000000000005E-5,5.666666666666668E-5,4.3365984317336805E-6,-2.6056842470194632E-8,5.918680734172912E10,1.1182862585477844E11
2.100000000000001E-5,5.666666666666668E-5,4.337864625348774E-6,4.305445484753123E-9,8.448435925800273E10,1.1116693876354117E11
2.7000000000000006E-5,5.666666666666668E-5,4.33093676204337E-6,1.9395278174788E-8,1.0951056226911792E11,1.1830103984103482E11
3.300000000000001E-5,5.666666666666668E-5,4.309362424703415E-6,2.3348827726295E-8,1.2764381870077156E11,1.1362428453148509E11
3.900000000000001E-5,5.666666666666668E-5,4.293697660647325E-6,2.3205667448704758E-8,1.515913622835625E11,9.879880704066974E10
4.500000000000001E-5,5.666666666666668E-5,4.273212583215185E-6,1.9905423597669274E-8,1.7533653467042523E11,8.922039241473146E10
5.100000000000002E-5,5.666666666666668E-5,4.255725417387977E-6,1.5613813523994698E-8,2.1313214125162122E11,6.213435374167883E10
5.700000000000002E-5,5.666666666666668E-5,4.250134224038898E-6,9.891575594721554E-9,2.686436257481822E11,4.027865907573682E10
6.300000000000001E-5,5.666666666666668E-5,4.244790341265331E-6,6.189121613644506E-9,3.3539931206233704E11,1.9459978982740723E10
6.900000000000002E-5,5.666666666666668E-5,4.243652817552792E-6,4.099985406321313E-9,4.193372015828832E11,-2.7242941555500122E10
7.500000000000002E-5,5.666666666666668E-5,4.236102929769587E-6,2.195809236595337E-9,5.055619947207199E11,-3.973751318608865E10
8.100000000000003E-5,5.666666666666668E-5,4.232856742456522E-6,1.3163578710420604E-9,5.827210980751604E11,-6.05386988859827E10
8.700000000000001E-5,5.666666666666668E-5,4.231871034349647E-6,1.2683497801918907E-9,6.560427925056803E11,-1.0043256494174445E11
9.300000000000002E-5,5.666666666666668E-5,4.237447716539358E-6,1.2037719976985994E-9,6.819240425252717E11,-1.7899516767921777E11
9.900000000000003E-5,5.666666666666668E-5,4.234544589328041E-6,-2.0421177808659113E-9,6.490110856900712E11,-2.2857785651959116E11
1.0500000000000002E-4,5.666666666666668E-5,4.229636179303146E-6,-5.292470611477492E-10,6.141344803564114E11,-3.9345484276990424E11
1.1100000000000003E-4,5.666666666666668E-5,4.2309956591221306E-6,3.96045131939536E-12,6.863769016770496E11,-5.57661383559598E11
1.1700000000000004E-4,5.666666666666668E-5,4.2360362310103715E-6,1.4124221630873527E-9,7.284348601712019E11,-7.225298695801271E11
1.2300000000000004E-4,5.666666666666668E-5,4.230535344608668E-6,4.761679627850119E-10,6.829829450781119E11,-9.118328587894059E11
1.2900000000000005E-4,5.666666666666668E-5,4.228485864895278E-6,-1.116586954285124E-9,6.803109142732083E11,-1.0149723081663357E12
1.3500000000000003E-4,5.666666666666668E-5,4.229495341289667E-6,-9.595049710348478E-11,5.039972426233207E11,-1.1384641854570352E12
1.4100000000000004E-4,5.666666666666668E-5,4.23353948247566E-6,-1.8774537414183274E-9,3.8529264313587585E11,-9.734625942898147E11
1.4700000000000005E-4,5.666666666666668E-5,4.225847291770986E-6,-2.8984964326843734E-10,5.836428899190629E10,-1.0840468259104114E12
1.5300000000000003E-4,5.666666666666668E-5,4.234571495101776E-6,2.8658079215239546E-10,-1.701230229162757E11,-1.195777307245154E12
1.5900000000000004E-4,5.666666666666668E-5,4.234020916550076E-6,1.0782674312215234E-9,-4.737446406559304E11,-1.2098081078768313E12
1.6500000000000005E-4,5.666666666666668E-5,4.235273560104599E-6,2.9289775565155334E-10,-6.021234778604974E11,-1.0360977735924625E12
1.7100000000000004E-4,5.666666666666668E-5,4.236303872417979E-6,-7.131284473090458E-10,-6.168770314285745E11,-1.0837616456584866E12
1.7700000000000005E-4,5.666666666666668E-5,4.229378377159086E-6,4.2878893973085353E-10,-6.310306616677736E11,-9.251228157419244E11
1.8300000000000006E-4,5.666666666666668E-5,4.230256258611697E-6,6.36155562043025E-10,-6.910788532209064E11,-8.285297661447542E11
1.8900000000000004E-4,5.666666666666668E-5,4.229341929464027E-6,-6.999625148409182E-10,-6.485077971338066E11,-5.8415979356644E11
1.9500000000000005E-4,5.666666666666668E-5,4.2328079769380395E-6,-1.1698262006294841E-9,-7.176505448453956E11,-4.467487067810443E11
2.0100000000000006E-4,5.666666666666668E-5,4.232791404835526E-6,4.796377661992973E-10,-6.489108598711952E11,-2.570745085000109E11
2.0700000000000004E-4,5.666666666666668E-5,4.230778790847006E-6,-5.149240341017347E-10,-6.62878469046362E11,-1.9701374674658426E11
2.1300000000000005E-4,5.666666666666668E-5,4.2336432181680025E-6,-1.5065380098776082E-9,-6.232678078927487E11,-8.170233390800134E10
2.1900000000000006E-4,5.666666666666668E-5,4.234416546593218E-6,-1.672646874872396E-9,-5.83136504770859E11,-4.832241220736905E10
2.2500000000000005E-4,5.666666666666668E-5,4.241181859830323E-6,-1.084602421492977E-9,-4.777188310310841E11,-3.996216038804227E10
2.3100000000000006E-4,5.666666666666668E-5,4.236928031025665E-6,-3.6504683929662E-9,-3.92767058263442E11,-1.4401402635018066E10
2.3700000000000007E-4,5.666666666666668E-5,4.244187509729678E-6,-5.997898662464461E-9,-3.5691918007035565E11,-1.6710519637016752E10
2.4300000000000008E-4,5.666666666666668E-5,4.250050789937759E-6,-1.1646152574634718E-8,-2.5557268931480884E11,3.1205100418856976E10
2.4900000000000004E-4,5.666666666666668E-5,4.2624033390967544E-6,-1.3945685169761887E-8,-2.2236723847950534E11,6.186145950473542E10
2.5500000000000007E-4,5.666666666666668E-5,4.273256024418862E-6,-1.7458778298487786E-8,-1.7588391502238528E11,8.384230156662749E10
2.6100000000000006E-4,5.666666666666668E-5,4.291502731375923E-6,-2.2593762224825537E-8,-1.5514948731615988E11,1.0894265857946066E11
2.670000000000001E-4,5.666666666666668E-5,4.307677311736426E-6,-2.4686746814298866E-8,-1.2754923854024509E11,1.1372550972393297E11
2.730000000000001E-4,5.666666666666668E-5,4.3243127567772446E-6,-2.002760459257382E-8,-1.0967045160892014E11,1.1761737258085088E11
2.790000000000001E-4,5.666666666666668E-5,4.338908633033768E-6,-4.0511481044925166E-9,-8.481278373105617E10,1.0936376972912253E11
2.8500000000000004E-4,5.666666666666668E-5,4.3318994421469385E-6,2.6395873043599627E-8,-5.8972386530820854E10,1.1127932024969766E11
2.910000000000001E-4,5.666666666666668E-5,4.284078928082532E-6,9.130523789684666E-8,-3.923512749788226E10,9.739788041527525E10
2.9700000000000006E-4,5.666666666666668E-5,4.19352589953181E-6,1.710727527431944E-7,-9.401546933186869E9,9.006066134637169E10
3.000000000000001E-6,6.333333333333335E-5,3.973054083114281E-6,-3.362891275530794E-7,1.1688327357845137E10,6.313233998346877E10
9.000000000000002E-6,6.333333333333335E-5,4.045723538369405E-6,-1.6508546345251196E-7,4.938195261684948E10,8.117124908330115E10
1.5000000000000005E-5,6.333333333333335E-5,4.080004991862455E-6,-4.673493030368977E-8,6.865637571162643E10,1.0702669515952818E11
2.100000000000001E-5,6.333333333333335E-5,4.076497984309823E-6,1.1979993180040631E-8,9.849832472546558E10,1.1430730380291193E11
2.7000000000000006E-5,6.333333333333335E-5,4.07482014320738E-6,3.869788491243283E-8,1.1070447583044542E11,1.2635609562467802E11
3.300000000000001E-5,6.333333333333335E-5,4.051681534390339E-6,4.3205378313047155E-8,1.2089632256525296E11,1.2863354957591028E11
3.900000000000001E-5,6.333333333333335E-5,4.041828621438213E-6,4.053521230792947E-8,1.3130015687594904E11,9.924371744361365E10
4.500000000000001E-5,6.333333333333335E-5,4.024324083349093E-6,3.2601082911119534E-8,1.6106764910673688E11,6.547634969465984E10
5.100000000000002E-5,6.333333333333335E-5,4.016241352916234E-6,2.605587593131419E-8,1.6504073952352383E11,6.317615265272476E10
5.700000000000002E-5,6.333333333333335E-5,4.014892781482791E-6,1.7461096958262095E-8,2.2328322650534454E11,3.3909829713631042E10
6.300000000000001E-5,6.333333333333335E-5,4.0120512482114985E-6,1.1324788915110008E-8,3.0147664098029224E11,-5.2530833666314644E10
6.900000000000002E-5,6.333333333333335E-5,4.001173898027035E-6,7.858576862696386E-9,3.9264065680830695E11,-4.212753592719786E10
7.500000000000002E-5,6.333333333333335E-5,4.001055231029307E-6,4.743474225872496E-9,4.962664523017524E11,-1.801038147613495E10
8.100000000000003E-5,6.333333333333335E-5,4.006996616752551E-6,2.8695139852113784E-9,5.555378596555378E11,-1.5821311247549532E10
8.700000000000001E-5,6.333333333333335E-5,4.006621386391017E-6,2.3333310397700325E-9,5.726031100393562E11,-2.1575220187133755E10
9.300000000000002E-5,6.333333333333335E-5,4.002363307090129E-6,1.4632330394637808E-9,5.673013014373738E11,-9.469751397663872E10
9.900000000000003E-5,6.333333333333335E-5,3.998817575363305E-6,2.3687659084409906E-10,5.2604260590397546E11,-1.951701262345105E11
1.0500000000000002E-4,6.333333333333335E-5,3.998684963875075E-6,-7.505612681088792E-10,4.473608380830485E11,-3.286517330634087E11
1.1100000000000003E-4,6.333333333333335E-5,4.006638411079184E-6,2.4782497034634025E-10,4.604179572068452E11,-6.286438012778347E11
1.1700000000000004E-4,6.333333333333335E-5,4.00155744540135E-6,1.1367616738783044E-9,4.583585981441813E11,-6.399178616013574E11
1.2300000000000004E-4,6.333333333333335E-5,3.999276676638948E-6,2.591277357711544E-10,5.670738935490093E11,-7.807286828044884E11
1.2900000000000005E-4,6.333333333333335E-5,4.003458898029656E-6,-6.69593671571259E-10,6.130494454239584E11,-8.549283803480381E11
1.3500000000000003E-4,6.333333333333335E-5,4.00642989504581E-6,-1.3583198454785595E-9,5.914633586313727E11,-7.357290828062273E11
1.4100000000000004E-4,6.333333333333335E-5,3.998917530866807E-6,-1.3791259328769348E-9,4.32669221214163E11,-7.824493983494764E11
1.4700000000000005E-4,6.333333333333335E-5,3.991000371458246E-6,-3.009006699241898E-10,2.1944676216896097E11,-7.270364717838036E11
1.5300000000000003E-4,6.333333333333335E-5,3.999445975949247E-6,1.5503009251568392E-9,-2.028638602438723E11,-5.697120132754523E11
1.5900000000000004E-4,6.333333333333335E-5,3.998846458436473E-6,1.1877427853261023E-9,-4.2378843215835535E11,-6.990354972265437E11
1.6500000000000005E-4,6.333333333333335E-5,4.002524247999129E-6,1.1511731349657865E-10,-5.507785142388444E11,-8.193451930416497E11
1.7100000000000004E-4,6.333333333333335E-5,4.003889405503251E-6,-7.039451702918573E-10,-6.253351784382197E11,-8.142647235624697E11
1.7700000000000005E-4,6.333333333333335E-5,3.996250348327674E-6,-8.749547195908445E-11,-5.648415305371089E11,-8.059607854242217E11
1.8300000000000006E-4,6.333333333333335E-5,4.0030187917312915E-6,4.796867650992648E-12,-5.3805405601546576E11,-7.247549850692731E11
1.8900000000000004E-4,6.333333333333335E-5,4.011066433963043E-6,-1.5837363057292042E-10,-5.1883321306805853E11,-4.97770804939918E11
1.9500000000000005E-4,6.333333333333335E-5,4.005629204558639E-6,-7.640508851092185E-10,-4.4771610293090106E11,-2.808192669456028E11
2.0100000000000006E-4,6.333333333333335E-5,3.997193188844052E-6,2.0671853937958964E-9,-5.138455132898861E11,-1.8327682584810797E11
2.0700000000000004E-4,6.333333333333335E-5,3.9979358120504605E-6,-9.917378597869265E-10,-6.0225414674124E11,-9.9185112456098E10
2.1300000000000005E-4,6.333333333333335E-5,3.996883387832452E-6,-3.4064263201657934E-9,-5.881999914305729E11,-3.2202190555906616E10
2.1900000000000006E-4,6.333333333333335E-5,4.005628992310018E-6,-3.3287498737557575E-9,-5.502990517261005E11,-1.0937376857498537E10
2.2500000000000005E-4,6.333333333333335E-5,4.00260785425099E-6,-3.6522150864418188E-9,-4.840987902624779E11,-4.0734642622843094E10
2.3100000000000006E-4,6.333333333333335E-5,4.001485241430519E-6,-7.053630468814766E-9,-3.95977326903273E11,-4.115676044227196E10
2.3700000000000007E-4,6.333333333333335E-5,4.003685184404352E-6,-1.3197026177904597E-8,-3.0847458935411536E11,-3.082753414923291E10
2.4300000000000008E-4,6.333333333333335E-5,4.01347409251308E-6,-1.7851827262002456E-8,-2.3499275075531E11,-4.893744917701096E9
2.4900000000000004E-4,6.333333333333335E-5,4.024145858991972E-6,-2.5070761923139374E-8,-1.8486541562503775E11,1.5813183548552443E10
2.5500000000000007E-4,6.333333333333335E-5,4.0257472390174914E-6,-3.3116213298273105E-8,-1.3312205909289285E11,9.287840020432333E10
2.6100000000000006E-4,6.333333333333335E-5,4.040496924015117E-6,-4.0639516810432994E-8,-1.371293903702634E11,1.1721582659659291E11
2.670000000000001E-4,6.333333333333335E-5,4.054825576740251E-6,-4.373397006752129E-8,-1.2020647361881262E11,1.2913732629962794E11
2.730000000000001E-4,6.333333333333335E-5,4.0699749673497775E-6,-3.7328996168508055E-8,-1.1096635263312605E11,1.2556865091518974E11
2.790000000000001E-4,6.333333333333335E-5,4.081589782161272E-6,-1.1981378780864976E-8,-1.030403766914685E11,1.137698893524591E11
2.8500000000000004E-4,6.333333333333335E-5,4.079125874635847E-6,4.7333214455780236E-8,-6.851418599736206E10,1.0581500557219978E11
2.910000000000001E-4,6.333333333333335E-5,4.045089007160758E-6,1.6582499464995792E-7,-4.976154242002208E10,8.196357466488918E10
2.9700000000000006E-4,6.333333333333335E-5,3.970567820910477E-6,3.366549796325486E-7,-1.0935491325575653E10,6.7621545859175865E10
3.000000000000001E-6,7.000000000000001E-5,3.6020479388169985E-6,-4.683625242748834E-7,1.6782450273523285E10,9.44981516598065E9
9.000000000000002E-6,7.000000000000001E-5,3.643285700575279E-6,-2.1046992529454228E-7,7.163132493266304E10,5.441738096791197E10
1.5000000000000005E-5,7.000000000000001E-5,3.6537432883169756E-6,-5.325287099189108E-8,9.116753910894821E10,9.834627609309265E10
2.100000000000001E-5,7.000000000000001E-5,3.6498177962724528E-6,2.2832500582401593E-8,1.26135754841044E11,1.3073866408382393E11
2.7000000000000006E-5,7.000000000000001E-5,3.6459459509745158E-6,5.207021962949684E-8,1.169620988420947E11,1.5825732202451578E11
3.300000000000001E-5,7.000000000000001E-5,3.6280641007390225E-6,5.626876390674012E-8,1.0817414940725212E11,1.5942776796749344E11
3.900000000000001E-5,7.000000000000001E-5,3.624033747315674E-6,5.18209999826381E-8,1.0222582196363556E11,1.3146005820381819E11
4.500000000000001E-5,7.000000000000001E-5,3.617326068150229E-6,4.1721222053037006E-8,1.0958482886233176E11,7.647092107421344E10
5.100000000000002E-5,7.000000000000001E-5,3.614904567623369E-6,3.153083467366417E-8,1.4611281353325174E11,1.4496907612372437E10
5.700000000000002E-5,7.000000000000001E-5,3.6243406495523164E-6,2.016965581311587E-8,1.4600674810054034E11,-7.544097492986195E10
6.300000000000001E-5,7.000000000000001E-5,3.613910163916238E-6,1.3424508555792384E-8,2.801522463055692E11,-8.71667275485759E10
6.900000000000002E-5,7.000000000000001E-5,3.6152515552031033E-6,8.832597971790537E-9,4.09641764375455E11,-6.355630591700282E10
7.500000000000002E-5,7.000000000000001E-5,3.622187751731791E-6,5.876247484731245E-9,5.456517997128685E11,-2.7276540429664585E10
8.100000000000003E-5,7.000000000000001E-5,3.615625832126113E-6,3.387598146995003E-9,5.936773386597775E11,5.636968596948389E10
8.700000000000001E-5,7.000000000000001E-5,3.6112720140808454E-6,1.4871743314531562E-9,5.876645840800776E11,9.655059823878622E10
9.300000000000002E-5,7.000000000000001E-5,3.6121905230976196E-6,1.8592853800431377E-9,4.764529871393136E11,2.5733905965881348E10
9.900000000000003E-5,7.000000000000001E-5,3.61487467590562E-6,1.1072378006677346E-9,3.8003132529277594E11,-8.580863829691843E10
1.0500000000000002E-4,7.000000000000001E-5,3.6145206252916364E-6,-9.975274281777483E-10,2.600448827330091E11,-2.5416529676443423E11
1.1100000000000003E-4,7.000000000000001E-5,3.615201997271308E-6,-7.654731332204338E-10,1.6790190172800385E11,-4.217763785810618E11
1.1700000000000004E-4,7.000000000000001E-5,3.6176605952989556E-6,5.850516297774894E-10,2.7218893790110608E11,-5.833496085938063E11
1.2300000000000004E-4,7.000000000000001E-5,3.6235687995857054E-6,6.418053272903493E-10,4.7784256098102295E11,-7.06533751165811E11
1.2900000000000005E-4,7.000000000000001E-5,3.615969382333328E-6,3.0990067673541308E-12,6.650921510960043E11,-7.803106142427832E11
1.3500000000000003E-4,7.000000000000001E-5,3.615373990908796E-6,-8.778626966119347E-10,7.270729662448219E11,-6.071818600535394E11
1.4100000000000004E-4,7.000000000000001E-5,3.612468560934226E-6,2.21409938823605E-10,4.975999617323676E11,-4.1371061023194916E11
1.4700000000000005E-4,7.000000000000001E-5,3.610895639503121E-6,-5.30405367693122E-11,1.2587378027554214E11,-3.7582017249358636E11
1.5300000000000003E-4,7.000000000000001E-5,3.6158091099486177E-6,6.003077478817476E-10,-1.8014209819654697E11,-2.2770125170563544E11
1.5900000000000004E-4,7.000000000000001E-5,3.608359147278577E-6,1.1945348385775997E-9,-4.303662629947409E11,-3.9031998022161127E11
1.6500000000000005E-4,7.000000000000001E-5,3.619611631790866E-6,-4.096009605781485E-10,-6.63334621544695E11,-6.569336106760337E11
1.7100000000000004E-4,7.000000000000001E-5,3.6140124528425533E-6,-5.209498256974291E-10,-6.622413918070338E11,-7.670906687218208E11
1.7700000000000005E-4,7.000000000000001E-5,3.617233749596744E-6,3.8140524195862816E-10,-5.309054796731117E11,-7.586711623934634E11
1.8300000000000006E-4,7.000000000000001E-5,3.622310681972049E-6,-3.9051744367852986E-10,-3.516502409364763E11,-8.245714721641539E11
1.8900000000000004E-4,7.000000000000001E-5,3.610515555884911E-6,-1.0302425730097072E-9,-2.513083688617788E11,-4.8834062066457745E11
1.9500000000000005E-4,7.000000000000001E-5,3.614867105324459E-6,3.572983192160962E-10,-2.529318114994275E11,-1.6402326046849228E11
2.0100000000000006E-4,7.000000000000001E-5,3.612745584874562E-6,3.813792992413481E-10,-3.851652527307459E11,-8.743095849074147E10
2.0700000000000004E-4,7.000000000000001E-5,3.6134570504337487E-6,-1.3081968887152856E-9,-5.02622468665683E11,1.6813705733421906E10
2.1300000000000005E-4,7.000000000000001E-5,3.607288221749529E-6,-3.150157021041701E-9,-5.695123119820713E11,6.748906927638262E10
2.1900000000000006E-4,7.000000000000001E-5,3.612015771552939E-6,-2.9501769884211267E-9,-5.828471842398385E11,3.924962397289605E10
2.2500000000000005E-4,7.000000000000001E-5,3.613754206924971E-6,-5.2516795997647044E-9,-5.219263135115842E11,-1.6378258768960388E10
2.3100000000000006E-4,7.000000000000001E-5,3.6181364028315956E-6,-9.454235642764657E-9,-3.821936371562331E11,-4.871793332777133E10
2.3700000000000007E-4,7.000000000000001E-5,3.6207757101939124E-6,-1.6558977665475212E-8,-2.59705955701406E11,-5.240645899228751E10
2.4300000000000008E-4,7.000000000000001E-5,3.61928491709655E-6,-2.2194979553014207E-8,-1.9355508679183386E11,-3.280129570377884E10
2.4900000000000004E-4,7.000000000000001E-5,3.618957456605222E-6,-3.011984187931267E-8,-1.0892347579871371E11,-3.3977369576172676E9
2.5500000000000007E-4,7.000000000000001E-5,3.6219807642411705E-6,-4.096537201177179E-8,-1.1592567883984114E11,8.70966648962519E10
2.6100000000000006E-4,7.000000000000001E-5,3.620330085008968E-6,-5.2012583891623766E-8,-1.1028694995105414E11,1.2925703431368478E11
2.670000000000001E-4,7.000000000000001E-5,3.632491734467405E-6,-5.750415637222332E-8,-1.127200257535698E11,1.6562534256088943E11
2.730000000000001E-4,7.000000000000001E-5,3.6453902133660265E-6,-5.2582450052811073E-8,-1.1723740340510704E11,1.449922145516947E11
2.790000000000001E-4,7.000000000000001E-5,3.6478246027583136E-6,-2.3148604878867917E-8,-1.2772428962545728E11,1.3033717165870699E11
2.8500000000000004E-4,7.000000000000001E-5,3.660569014955862E-6,5.5668829944223184E-8,-9.027278663445369E10,1.0206402881369421E11
2.910000000000001E-4,7.000000000000001E-5,3.6446589411932006E-6,2.1127472274964966E-7,-7.242937537963493E10,5.954020545748556E10
2.9700000000000006E-4,7.000000000000001E-5,3.600761573948606E-6,4.732858109616619E-7,-1.6135233105931345E10,2.489077612007025E10
3.000000000000001E-6,7.666666666666668E-5,3.0885803298421715E-6,-5.493066630997986E-7,2.8129203934458454E10,-9.984509387388582E10
9.000000000000002E-6,7.666666666666668E-5,3.078991432936175E-6,-2.1534990602541735E-7,1.1849985094594685E11,5.465395854959526E9
1.5000000000000005E-5,7.666666666666668E-5,3.0643034002036404E-6,-4.3477632573468016E-8,1.5172566051922208E11,9.495830318799359E10
2.100000000000001E-5,7.666666666666668E-5,3.057346941603185E-6,3.512119162824511E-8,1.9403675054449927E11,1.6682317400281778E11
2.7000000000000006E-5,7.666666666666668E-5,3.0510059327944284E-6,5.836553656033508E-8,1.4900117168979587E11,2.0640060556519125E11
3.300000000000001E-5,7.666666666666668E-5,3.0550136452621294E-6,5.999476621110749E-8,1.050292218569104E11,2.008803566405253E11
3.900000000000001E-5,7.666666666666668E-5,3.057128161823413E-6,5.1620221060451196E-8,5.44029787596794E10,1.7453615582392847E11
4.500000000000001E-5,7.666666666666668E-5,3.0631383945314413E-6,4.0747003130082064E-8,7.128093761306644E9,1.027448696789929E11
5.100000000000002E-5,7.666666666666668E-5,3.072145556822565E-6,3.0202235776154825E-8,3.148620055104758E10,5.436075631191231E9
5.700000000000002E-5,7.666666666666668E-5,3.0714641260924543E-6,2.0579057617307067E-8,1.2820082016085371E11,-1.9710733176398154E11
6.300000000000001E-5,7.666666666666668E-5,3.076865374958888E-6,1.2910530172779542E-8,2.111793405329672E11,-1.772702897283489E11
6.900000000000002E-5,7.666666666666668E-5,3.081486714868693E-6,8.7519357732502E-9,4.9184744343417194E11,-2.4786563931201428E11
7.500000000000002E-5,7.666666666666668E-5,3.0761716107983536E-6,4.997620827942989E-9,7.362018864218358E11,-3.580583651465729E9
8.100000000000003E-5,7.666666666666668E-5,3.0753617036135503E-6,2.858763102710229E-9,7.289772251369292E11,1.4492306580661197E11
8.700000000000001E-5,7.666666666666668E-5,3.0744768357178324E-6,1.5098207578987006E-9,6.292943283497485E11,2.2542750067186243E11
9.300000000000002E-5,7.666666666666668E-5,3.0790413715598565E-6,1.3755129587901893E-9,4.819593232825918E11,2.2937459971358728E11
9.900000000000003E-5,7.666666666666668E-5,3.077341544874765E-6,5.680578218240559E-10,2.4014037478338562E11,2.375435656661638E11
1.0500000000000002E-4,7.666666666666668E-5,3.084856483774465E-6,-6.3439772797175E-10,8.87432946564475E10,-8.933656338293675E10
1.1100000000000003E-4,7.666666666666668E-5,3.0750371715076794E-6,4.5131500221084906E-10,8.124081726468124E9,-4.825311024643761E11
1.1700000000000004E-4,7.666666666666668E-5,3.077415317835388E-6,-1.4050659182589795E-11,2.26245542388509E11,-7.478223477872231E11
1.2300000000000004E-4,7.666666666666668E-5,3.0837401202490705E-6,1.1212345772151727E-11,6.27282681706178E11,-9.107587388041193E11
1.2900000000000005E-4,7.666666666666668E-5,3.0757963089102377E-6,-6.194910096483105E-10,9.227158476139788E11,-8.211866777357329E11
1.3500000000000003E-4,7.666666666666668E-5,3.083801047060243E-6,6.333898672275393E-10,9.909998108370388E11,-5.574139563254901E11
1.4100000000000004E-4,7.666666666666668E-5,3.081904467243502E-6,3.6819020936752494E-10,7.381777329706312E11,-1.4851109250681757E11
1.4700000000000005E-4,7.666666666666668E-5,3.081827281830629E-6,-7.802176887706908E-10,3.628369237977442E11,-4.194356349555715E10
1.5300000000000003E-4,7.666666666666668E-5,3.0804961897775932E-6,-2.470430382992203E-10,-1.858696954644934E11,1.7834174769030862E11
1.5900000000000004E-4,7.666666666666668E-5,3.078186281645323E-6,1.5382180962836472E-9,-7.612758402798798E11,-7.62768908590539E10
1.6500000000000005E-4,7.666666666666668E-5,3.084187502278563E-6,6.927451083834435E-10,-1.0084751717785999E12,-5.054488604418266E11
1.7100000000000004E-4,7.666666666666668E-5,3.0776193358284303E-6,-1.8418264677970284E-10,-8.387560195996124E11,-7.38908771668959E11
1.7700000000000005E-4,7.666666666666668E-5,3.0831972650516937E-6,7.982154659998467E-10,-4.5262920759566846E11,-7.804544092944427E11
1.8300000000000006E-4,7.666666666666668E-5,3.0798849072703784E-6,-6.69527530268266E-10,-1.2762937961807611E11,-9.047088236177927E11
1.8900000000000004E-4,7.666666666666668E-5,3.0824622796633E-6,9.282724717676719E-10,2.2786100428971756E10,-4.4149748865331647E11
1.9500000000000005E-4,7.666666666666668E-5,3.083190363476746E-6,-3.136358949966857E-10,-1.464917135072101E10,4.426195379477428E10
2.0100000000000006E-4,7.666666666666668E-5,3.0815491968654883E-6,8.354198699516992E-10,-1.473175046971348E11,3.287066218948324E11
2.0700000000000004E-4,7.666666666666668E-5,3.0807710405980258E-6,-1.0204234598866746E-9,-5.27656307131361E11,4.080818572424561E11
2.1300000000000005E-4,7.666666666666668E-5,3.0808015156974112E-6,-2.9618386110211685E-9,-6.636381609584296E11,1.896705879048614E11
2.1900000000000006E-4,7.666666666666668E-5,3.076696305178719E-6,-3.44298278843586E-9,-6.971374934678951E11,1.1742656709512201E11
2.2500000000000005E-4,7.666666666666668E-5,3.08036557489579E-6,-5.622061948722054E-9,-6.09982805835493E11,2.65993074767128E10
2.3100000000000006E-4,7.666666666666668E-5,3.075209147189886E-6,-8.121287647473996E-9,-5.1680208543611884E11,-2.172969642545851E11
2.3700000000000007E-4,7.666666666666668E-5,3.07355836773633E-6,-1.477231503482018E-8,-3.227744571833731E11,-1.3654724073293437E11
2.4300000000000008E-4,7.666666666666668E-5,3.0680669845476813E-6,-2.103245464175244E-8,-1.3891684475747287E11,-1.2637187836485313E11
2.4900000000000004E-4,7.666666666666668E-5,3.067772672728118E-6,-2.8252549389399267E-8,-3.023494688081877E10,-5.1838269924539E10
2.5500000000000007E-4,7.666666666666668E-5,3.0666751238922534E-6,-3.992298186767387E-8,6.835618998957578E10,9.493364079143237E10
2.6100000000000006E-4,7.666666666666668E-5,3.0579461110235226E-6,-5.195981246591253E-8,-5.362918009433251E10,1.7293255591570908E11
2.670000000000001E-4,7.666666666666668E-5,3.0523131683291272E-6,-6.139707376443149E-8,-1.1173935141555205E11,2.2144001311834946E11
2.730000000000001E-4,7.666666666666668E-5,3.0512320916645792E-6,-5.989968801007095E-8,-1.575996202326233E11,2.073075259819121E11
2.790000000000001E-4,7.666666666666668E-5,3.0496737147304926E-6,-3.393444351006827E-8,-1.836041072906123E11,1.6630576405165457E11
2.8500000000000004E-4,7.666666666666668E-5,3.0765895724808663E-6,4.221337333023341E-8,-1.3770526492165158E11,1.038439908929794E11
2.910000000000001E-4,7.666666666666668E-5,3.0802251375934344E-6,2.1869541281313874E-7,-1.2065667555073221E11,1.6300429111590685E10
2.9700000000000006E-4,7.666666666666668E-5,3.0833051329966242E-6,5.529076419792582E-7,-2.977857989593727E10,-5.726288525471541E10
3.000000000000001E-6,8.333333333333336E-5,2.4267974431142723E-6,-5.453620376426599E-7,8.218855562760791E10,-8.823951108182553E10
9.000000000000002E-6,8.333333333333336E-5,2.3555767036182216E-6,-1.775310850082697E-7,2.697992422366737E11,-3.4225685179881622E10
1.5000000000000005E-5,8.333333333333336E-5,2.3228565882769216E-6,-2.183294162179461E-8,2.5711389530194485E11,1.028659692022856E11
2.100000000000001E-5,8.333333333333336E-5,2.3082506553283348E-6,3.8481834882237086E-8,2.144415152127963E11,3.166467612656093E11
2.7000000000000006E-5,8.333333333333336E-5,2.312105080749838E-6,5.436479862914698E-8,1.9544332140632538E11,2.888527488416023E11
3.300000000000001E-5,8.333333333333336E-5,2.3250507263219506E-6,4.839519654933768E-8,1.2471016564213367E11,3.4833318345398694E11
3.900000000000001E-5,8.333333333333336E-5,2.339227528350643E-6,3.9765890547840765E-8,-2.5220614465819386E10,3.828571034401945E11
4.500000000000001E-5,8.333333333333336E-5,2.3515821374227804E-6,3.0428907859916286E-8,-2.5603755620163855E11,2.4406376963845862E11
5.100000000000002E-5,8.333333333333336E-5,2.365058056523047E-6,2.1627789929910743E-8,-2.385377406485505E11,-1.4352282606474786E11
5.700000000000002E-5,8.333333333333336E-5,2.3744481513144525E-6,1.4865186538429495E-8,-1.1008555891847885E10,-2.8983275214397736E11
6.300000000000001E-5,8.333333333333336E-5,2.3807092625856444E-6,9.653100283401997E-9,2.267735325525561E11,-5.711091085613495E11
6.900000000000002E-5,8.333333333333336E-5,2.381560957332413E-6,5.742840953717991E-9,8.275575650798407E11,-3.6157711426570337E11
7.500000000000002E-5,8.333333333333336E-5,2.385620754087946E-6,3.6632809181175513E-9,8.646416538964497E11,2.2168452418663992E11
8.100000000000003E-5,8.333333333333336E-5,2.3884115536430113E-6,1.7819514307270326E-9,9.118620799469895E11,3.684512965386456E11
8.700000000000001E-5,8.333333333333336E-5,2.3921080450474065E-6,2.119541623343478E-9,7.479903894572241E11,7.096362640785276E11
9.300000000000002E-5,8.333333333333336E-5,2.392741023377904E-6,1.2129345580489983E-9,5.841247268636924E11,7.781007943706376E11
9.900000000000003E-5,8.333333333333336E-5,2.3845821079327328E-6,2.2459656668911458E-10,-3.884897602099372E10,6.301589352279492E11
1.0500000000000002E-4,8.333333333333336E-5,2.3943810055138245E-6,-1.53746431027425E-9,-7.168759987394956E11,6.125410672370613E11
1.1100000000000003E-4,8.333333333333336E-5,2.3946761407066224E-6,-7.569207299583586E-10,-9.217137693284586E11,-6.330395398243541E11
1.1700000000000004E-4,8.333333333333336E-5,2.395257237665758E-6,9.441846460990468E-10,-2.5467622476990994E11,-1.5283683913302695E12
1.2300000000000004E-4,8.333333333333336E-5,2.388075843992884E-6,1.198910954690383E-9,6.664447133563805E11,-1.3007579981472E12
1.2900000000000005E-4,8.333333333333336E-5,2.392630001693055E-6,3.1286496782159215E-10,1.700975428089287E12,-5.354923293163315E11
1.3500000000000003E-4,8.333333333333336E-5,2.3922954748421263E-6,-2.4583447030816585E-10,1.5121390057089717E12,6.0589342872694E11
1.4100000000000004E-4,8.333333333333336E-5,2.3922348312295345E-6,-1.5921286645301193E-9,1.2862000236440522E12,5.1847102167431134E11
1.4700000000000005E-4,8.333333333333336E-5,2.390495242181006E-6,-9.223849275818499E-10,4.318667686141281E11,8.655653361086069E11
1.5300000000000003E-4,8.333333333333336E-5,2.3892298936410827E-6,-7.074829751208742E-10,-2.8274612415284814E11,9.20893193429951E11
1.5900000000000004E-4,8.333333333333336E-5,2.3923388440726265E-6,1.0598228791518017E-9,-9.002599024267609E11,1.1366371765091113E12
1.6500000000000005E-4,8.333333333333336E-5,2.386671950258279E-6,4.278651855329969E-10,-1.758719148170055E12,2.3646620202847028E11
1.7100000000000004E-4,8.333333333333336E-5,2.3934269319339713E-6,7.522468273209635E-10,-1.578907949460702E12,-9.640874762938008E11
1.7700000000000005E-4,8.333333333333336E-5,2.3888617964425595E-6,1.400717680344621E-9,-6.594308422471509E11,-1.407365856800076E12
1.8300000000000006E-4,8.333333333333336E-5,2.3942871487085846E-6,-5.784911486600162E-10,1.4307167700210846E11,-1.014094376933463E12
1.8900000000000004E-4,8.333333333333336E-5,2.392187095771243E-6,-1.0613102476707824E-9,6.570792120841388E11,-7.299179968878159E11
1.9500000000000005E-4,8.333333333333336E-5,2.395899112186506E-6,-3.85963652151628E-10,4.636673808367673E11,8.332444136978337E11
2.0100000000000006E-4,8.333333333333336E-5,2.3889327656414033E-6,7.099492169122639E-10,4.575138498638123E9,8.883930192125378E11
2.0700000000000004E-4,8.333333333333336E-5,2.386478613306546E-6,-9.583839721954081E-10,-3.995357239874705E11,7.884960998401974E11
2.1300000000000005E-4,8.333333333333336E-5,2.392419894443604E-6,-3.029647476048186E-9,-6.208539881712468E11,6.995588483232935E11
2.1900000000000006E-4,8.333333333333336E-5,2.3898985997631787E-6,-1.870630921918949E-9,-8.307579339407018E11,6.299960685245143E11
2.2500000000000005E-4,8.333333333333336E-5,2.3883077104142964E-6,-2.870810287241896E-9,-9.601812518195674E11,2.5215543677168588E11
2.3100000000000006E-4,8.333333333333336E-5,2.3783932921154546E-6,-6.018251241335896E-9,-7.399723339095784E11,-2.594608439362138E11
2.3700000000000007E-4,8.333333333333336E-5,2.3838100752961034E-6,-1.0062747271762646E-8,-2.639535179467172E11,-5.686546974960222E11
2.4300000000000008E-4,8.333333333333336E-5,2.380711855288055E-6,-1.5161282526043234E-8,1.1591302734018962E11,-4.428824646924728E11
2.4900000000000004E-4,8.333333333333336E-5,2.370580509149284E-6,-2.072022141896675E-8,2.886382871683893E11,-2.1328571198340897E10
2.5500000000000007E-4,8.333333333333336E-5,2.3579576338044336E-6,-2.945052900772125E-8,1.6154522824219083E11,3.392059775787091E11
2.6100000000000006E-4,8.333333333333336E-5,2.344012822773528E-6,-4.198817669099411E-8,5.715594959294585E10,2.998518530901538E11
2.670000000000001E-4,8.333333333333336E-5,2.326810712350595E-6,-5.118076657148132E-8,-1.2873168020887418E11,3.411014014689781E11
2.730000000000001E-4,8.333333333333336E-5,2.310465432803744E-6,-5.3788641515273714E-8,-1.695752897222368E11,3.206484058359491E11
2.790000000000001E-4,8.333333333333336E-5,2.3051991806915634E-6,-3.93892115222143E-8,-2.944557812313967E11,2.0738727601350546E11
2.8500000000000004E-4,8.333333333333336E-5,2.320619994909661E-6,2.1318048878674255E-8,-3.0880310722084924E11,2.25555555490689E11
2.910000000000001E-4,8.333333333333336E-5,2.35630415235099E-6,1.7317572924447712E-7,-2.5367180975165137E11,-2.1059320700806755E10
2.9700000000000006E-4,8.333333333333336E-5,2.423927531750187E-6,5.454293862605067E-7,-5.5202679411454666E10,-2.005366503310169E11
3.000000000000001E-6,9.000000000000002E-5,1.6251703547237462E-6,-4.1111514891077283E-7,1.879133374867649E11,-4.0191231870270215E11
9.000000000000002E-6,9.000000000000002E-5,1.477760516209096E-6,-9.282463189439005E-8,6.38164857708153E11,-1.000951696033208E11
1.5000000000000005E-5,9.000000000000002E-5,1.4270922846448363E-6,5.054780508281363E-9,7.651419099561727E11,4.3548025035145044E11
2.100000000000001E-5,9.000000000000002E-5,1.4314941800912858E-6,3.0575433473423936E-8,2.440878824796179E11,6.242040112270072E11
2.7000000000000006E-5,9.000000000000002E-5,1.453147773395338E-6,3.3757530945189494E-8,1.8113405775714102E11,4.825439171247122E11
3.300000000000001E-5,9.000000000000002E-5,1.4778211326149017E-6,2.6607068875885146E-8,2.2095965078913962E11,5.469607366715789E11
3.900000000000001E-5,9.000000000000002E-5,1.4987096053355497E-6,1.9836356057157678E-8,5.046326288531843E10,8.4646597499415E11
4.500000000000001E-5,9.000000000000002E-5,1.5167222213217157E-6,1.376353274874259E-8,-5.791536656657412E11,6.960723502083517E11
5.100000000000002E-5,9.000000000000002E-5,1.5255913726827627E-6,1.0364279685240382E-8,-6.915277038405173E11,-7.783269792689432E10
5.700000000000002E-5,9.000000000000002E-5,1.5331253926355843E-6,6.787576213576476E-9,-3.15907784078637E11,-5.550988235827528E11
6.300000000000001E-5,9.000000000000002E-5,1.5403578079656384E-6,4.036652168101666E-9,2.744419129564032E11,-5.950765901695966E11
6.900000000000002E-5,9.000000000000002E-5,1.5444609047704093E-6,2.8338299242646E-9,1.2567133305886125E12,-4.1592188865425433E11
7.500000000000002E-5,9.000000000000002E-5,1.545950824954552E-6,1.627805873957871E-9,1.934931719955075E12,6.849586562644784E11
8.100000000000003E-5,9.000000000000002E-5,1.5452453635967442E-6,7.625799301252557E-10,8.493185209268159E11,1.134186692613205E12
8.700000000000001E-5,9.000000000000002E-5,1.5457258561863748E-6,9.841669089323828E-10,7.338921100541368E11,1.008298388994501E12
9.300000000000002E-5,9.000000000000002E-5,1.5479077083756107E-6,1.5961574740762953E-11,7.82386392573435E11,1.1941848945933936E12
9.900000000000003E-5,9.000000000000002E-5,1.5489274363895E-6,9.250249095231118E-10,2.673689793467463E11,1.8912192254236223E12
1.0500000000000002E-4,9.000000000000002E-5,1.550432514402948E-6,-5.980334149855249E-10,-2.0885392300645027E12,1.150577414295812E12
1.1100000000000003E-4,9.000000000000002E-5,1.5445724689795712E-6,-4.476072073536838E-10,-1.917008489174123E12,-4.0376167282114343E11
1.1700000000000004E-4,9.000000000000002E-5,1.5464640213554957E-6,-1.1261755548559939E-10,-7.753477916984745E11,-1.4501180258605176E12
1.2300000000000004E-4,9.000000000000002E-5,1.5492444495567657E-6,1.096470237241922E-9,7.98533099680867E11,-1.562111054532401E12
1.2900000000000005E-4,9.000000000000002E-5,1.5502552035632354E-6,1.430576847101535E-9,2.99793505805393E12,-9.897568559443379E11
1.3500000000000003E-4,9.000000000000002E-5,1.5495139428112032E-6,-6.376175115635537E-10,3.3146107269630186E12,1.477418501998111E12
1.4100000000000004E-4,9.000000000000002E-5,1.547406910564811E-6,-7.720066169885914E-10,6.811464396617241E11,2.3286877115632993E12
1.4700000000000005E-4,9.000000000000002E-5,1.5472869121536716E-6,-9.49669746409177E-10,1.4788492544252487E11,1.6386520596157314E12
1.5300000000000003E-4,9.000000000000002E-5,1.547934709500411E-6,-2.8510325150873983E-11,-7.61791110458729E10,1.8177690077668052E12
1.5900000000000004E-4,9.000000000000002E-5,1.548616137172211E-6,1.1700951305712676E-10,-1.1825132306064065E12,2.5519440457512153E12
1.6500000000000005E-4,9.000000000000002E-5,1.5492721897982233E-6,4.337117007190186E-10,-2.980349883002815E12,1.73663353515415E12
1.7100000000000004E-4,9.000000000000002E-5,1.5466106630223144E-6,-2.432859488117355E-10,-2.430278922568741E12,-7.169584428460315E11
1.7700000000000005E-4,9.000000000000002E-5,1.5489981114394872E-6,2.2331562038756492E-10,-9.100507534422513E11,-1.5968805637354102E12
1.8300000000000006E-4,9.000000000000002E-5,1.5469828091514435E-6,2.6960597182589574E-10,7.304143564192522E11,-1.6515267057777473E12
1.8900000000000004E-4,9.000000000000002E-5,1.5473233481399845E-6,-5.982711433249413E-10,1.824143111152367E12,-2.9929107433014307E11
1.9500000000000005E-4,9.000000000000002E-5,1.547937420728124E-6,-3.4948165692440483E-10,1.6127845606729668E12,1.7579438705948184E12
2.0100000000000006E-4,9.000000000000002E-5,1.5475432291113908E-6,7.70259070571927E-10,-4.8678710660718713E11,1.5828082623878936E12
2.0700000000000004E-4,9.000000000000002E-5,1.5481360914507852E-6,-6.695517373476428E-10,-7.592267140193226E11,1.146330404893886E12
2.1300000000000005E-4,9.000000000000002E-5,1.5473333504858446E-6,-4.656730598121295E-10,-7.073210231751691E11,1.0327630452989789E12
2.1900000000000006E-4,9.000000000000002E-5,1.5456835214841684E-6,-4.541967800670807E-10,-1.0274159109758362E12,1.2952295886279204E12
2.2500000000000005E-4,9.000000000000002E-5,1.5468715731309457E-6,-1.7216735988201164E-9,-1.9612654419970623E12,3.9001643019117346E11
2.3100000000000006E-4,9.000000000000002E-5,1.5427156344974652E-6,-2.5671353030151367E-9,-1.0468122521313517E12,-2.3446014672444897E11
2.3700000000000007E-4,9.000000000000002E-5,1.5403437814149633E-6,-4.574120105234113E-9,-3.9130188939497034E11,-6.036412136795803E11
2.4300000000000008E-4,9.000000000000002E-5,1.5326457591161592E-6,-7.136354810825835E-9,2.3346216290963116E11,-5.2702914182749133E11
2.4900000000000004E-4,9.000000000000002E-5,1.5255506055891615E-6,-9.92979965249074E-9,7.143500537128032E11,4.396405099583349E10
2.5500000000000007E-4,9.000000000000002E-5,1.5138149688151323E-6,-1.5111317126151704E-8,5.9463306831187E11,6.437215044807748E11
2.6100000000000006E-4,9.000000000000002E-5,1.4971356865777032E-6,-2.0934466757358162E-8,-1.6136846483994223E11,8.063559015639016E11
2.670000000000001E-4,9.000000000000002E-5,1.4759253558295785E-6,-2.7178698487577034E-8,-2.4424345156220227E11,5.272200449380749E11
2.730000000000001E-4,9.000000000000002E-5,1.4499205800799476E-6,-3.2343724592293956E-8,-1.841218694121648E11,5.132085183005318E11
2.790000000000001E-4,9.000000000000002E-5,1.4291429694870553E-6,-3.225834437265526E-8,-2.8658206303934375E11,6.367676019872128E11
2.8500000000000004E-4,9.000000000000002E-5,1.4270844715423899E-6,-9.39243660434277E-9,-8.114609019972274E11,3.6195649748763464E11
2.910000000000001E-4,9.000000000000002E-5,1.4782176022678593E-6,9.518777507934593E-8,-6.371391923623477E11,-9.301570538190518E10
2.9700000000000006E-4,9.000000000000002E-5,1.6157738692790826E-6,4.0625061781161494E-7,-1.825600289597982E11,-3.553925236720139E11
3.000000000000001E-6,9.666666666666668E-5,6.075951701351028E-7,-1.2788994763521042E-7,2.5832049983213318E11,-2.306863226907119E11
9.000000000000002E-6,9.666666666666668E-5,4.68091662063971E-7,-5.754315675599319E-9,1.4527128648274004E12,4.6599301408989136E10
1.5000000000000005E-5,9.666666666666668E-5,4.6422854183332417E-7,5.87239355086055E-9,1.7881807398224604E12,3.6733951310600396E12
2.100000000000001E-5,9.666666666666668E-5,4.83442582597219E-7,6.894264938862681E-9,-1.0037102310899691E12,5.358457861592325E11
2.7000000000000006E-5,9.666666666666668E-5,5.032859305784138E-7,6.2310317900026015E-9,7.744459124427907E10,1.73183830035038E11
3.300000000000001E-5,9.666666666666668E-5,5.203566955819139E-7,4.27754460517984E-9,4.0729665788127106E11,1.6579924153304486E11
3.900000000000001E-5,9.666666666666668E-5,5.319539258098345E-7,2.9833894793798657E-9,1.976396895154427E12,6.311266383344651E11
4.500000000000001E-5,9.666666666666668E-5,5.402376876603462E-7,1.895931710738445E-9,-2.357260662618306E12,5.052859639281017E12
5.100000000000002E-5,9.666666666666668E-5,5.456532383829758E-7,1.5791564345134055E-9,-2.209918517876747E12,1.9311000871729993E11
5.700000000000002E-5,9.666666666666668E-5,5.498990566444651E-7,9.944292054044685E-10,-5.356925652579089E11,-3.8431475065796686E11
6.300000000000001E-5,9.666666666666668E-5,5.526202224378702E-7,4.1697778428897043E-10,2.913847334363114E11,-4.988874362463178E11
6.900000000000002E-5,9.666666666666668E-5,5.532907932408922E-7,3.176402053094408E-10,2.7650053688547446E12,1.2473337779479628E11
7.500000000000002E-5,9.666666666666668E-5,5.547234345227462E-7,4.884547201116954E-10,3.489445609023547E12,7.789255950009235E12
8.100000000000003E-5,9.666666666666668E-5,5.554879206096333E-7,-1.2297843655097118E-10,-5.378289810376337E11,2.1860653226394692E12
8.700000000000001E-5,9.666666666666668E-5,5.553669147730929E-7,1.052243738501697E-10,5.942832851251821E11,8.89307661119464E11
9.300000000000002E-5,9.666666666666668E-5,5.556759998485324E-7,-1.602535745772842E-10,1.1791297562271926E12,9.934855013824684E11
9.900000000000003E-5,9.666666666666668E-5,5.562642285896866E-7,2.979108177499487E-10,3.297125398523512E12,4.301069475579619E12
1.0500000000000002E-4,9.666666666666668E-5,5.563135613649541E-7,-4.341213112079609E-11,-5.183707187319137E12,1.417580244951232E13
1.1100000000000003E-4,9.666666666666668E-5,5.55862952682204E-7,-2.1779229368631003E-10,-6.014986383358807E12,4.2876909193487744E11
1.1700000000000004E-4,9.666666666666668E-5,5.554998195827285E-7,-9.46908833902341E-11,-1.2726654292648188E12,-1.0357637140302462E12
1.2300000000000004E-4,9.666666666666668E-5,5.556792396039029E-7,3.000495636041553E-10,1.0148092777570028E12,-1.1018853806343647E12
1.2900000000000005E-4,9.666666666666668E-5,5.566640397230782E-7,2.0997568721815328E-10,6.519818521084887E12,3.5674231483736475E11
1.3500000000000003E-4,9.666666666666668E-5,5.568643773948036E-7,-7.37434227350604E-11,6.20451364510434E12,1.719284611206925E13
1.4100000000000004E-4,9.666666666666668E-5,5.560773376041101E-7,-2.1740489441280801E-10,-4.505011157972059E12,2.5856719731993057E12
1.4700000000000005E-4,9.666666666666668E-5,5.560985252626826E-7,-1.1738767630712776E-10,-1.0626104327686982E12,2.0494465819736333E12
1.5300000000000003E-4,9.666666666666668E-5,5.559279429546974E-7,-1.4458236505720194E-10,5.1420189573206116E11,1.5799720835958718E12
1.5900000000000004E-4,9.666666666666668E-5,5.559200123778897E-7,-4.422932801788796E-11,4.864304758550552E12,2.3791701605774707E12
1.6500000000000005E-4,9.666666666666668E-5,5.558420305309525E-7,1.6409684656193376E-10,-2.1546044850125406E13,5.410505665953019E13
1.7100000000000004E-4,9.666666666666668E-5,5.56044137190114E-7,-1.61124358240513E-10,-6.134932536379803E12,-3.931928979524609E10
1.7700000000000005E-4,9.666666666666668E-5,5.556971810942711E-7,6.558861287911056E-11,-9.802029757415914E11,-1.113886038388689E12
1.8300000000000006E-4,9.666666666666668E-5,5.561681711750859E-7,9.398193383407801E-11,1.232687477465812E12,-1.016273470899657E12
1.8900000000000004E-4,9.666666666666668E-5,5.561497649008931E-7,-3.131870850110763E-10,5.575075053601494E12,2.5861595969719754E11
1.9500000000000005E-4,9.666666666666668E-5,5.555389999416152E-7,-5.415823406571126E-11,8.39322377966001E12,4.1084967093081266E13
2.0100000000000006E-4,9.666666666666668E-5,5.558248332256066E-7,2.2221621880922269E-10,-3.2831976407082817E12,3.195420068204451E12
2.0700000000000004E-4,9.666666666666668E-5,5.555877343879938E-7,-7.703755348989034E-11,-1.4146725284127068E12,9.826237973474811E11
2.1300000000000005E-4,9.666666666666668E-5,5.556834072176156E-7,-1.719097564059195E-11,-5.911324121785286E11,9.312570843666908E11
2.1900000000000006E-4,9.666666666666668E-5,5.555697577779605E-7,1.7853046212255368E-11,6.531296489652384E11,2.1010238086868064E12
2.2500000000000005E-4,9.666666666666668E-5,5.553733302699009E-7,-3.615998415388626E-10,-6.475955449666704E12,2.2328863293239633E13
2.3100000000000006E-4,9.666666666666668E-5,5.541520628263024E-7,-2.1590826163959632E-10,-2.4076129211134277E12,-8.441340384059989E11
2.3700000000000007E-4,9.666666666666668E-5,5.52856874046257E-7,-4.013602672509763E-10,-4.330545768142258E11,-4.0646475015859186E11
2.4300000000000008E-4,9.666666666666668E-5,5.50257440165744E-7,-9.179578922842794E-10,5.4201012473898535E11,-3.8288849244037524E11
2.4900000000000004E-4,9.666666666666668E-5,5.45953253869361E-7,-1.5070043634094886E-9,2.2393601106716665E12,2.1445932422079507E11
2.5500000000000007E-4,9.666666666666668E-5,5.400835048962528E-7,-2.189168248415867E-9,3.15354140018498E12,1.6601687701201602E13
2.6100000000000006E-4,9.666666666666668E-5,5.310306914031735E-7,-3.1486043993180932E-9,-1.168951536773207E12,1.0966835014668777E12
2.670000000000001E-4,9.666666666666668E-5,5.189851784675755E-7,-4.226733532929442E-9,-6.055002477699003E11,5.82798536565569E11
2.730000000000001E-4,9.666666666666668E-5,5.031904764795013E-7,-5.730859785739125E-9,-7.45825772688074E10,4.134694689362389E11
2.790000000000001E-4,9.666666666666668E-5,4.829053503225888E-7,-7.370632724276893E-9,5.80686228735437E11,1.17308755211116E12
2.8500000000000004E-4,9.666666666666668E-5,4.628349113111594E-7,-6.0432121801581355E-9,-1.880381482735996E12,3.9636814104175723E12
2.910000000000001E-4,9.666666666666668E-5,4.671715794036854E-7,6.714699040947922E-9,-1.5052005869193005E12,3.1371747242194645E10
2.9700000000000006E-4,9.666666666666668E-5,6.082556803282742E-7,1.2639574904963772E-7,-2.6375883993065472E11,-2.2704145837719284E11
